CREATE DATABASE  IF NOT EXISTS `moomu` /*!40100 DEFAULT CHARACTER SET utf8mb3 */ /*!80016 DEFAULT ENCRYPTION='N' */;
USE `moomu`;
-- MySQL dump 10.13  Distrib 8.0.26, for Win64 (x86_64)
--
-- Host: k7b202.p.ssafy.io    Database: moomu
-- ------------------------------------------------------
-- Server version	8.0.31

/*!40101 SET @OLD_CHARACTER_SET_CLIENT=@@CHARACTER_SET_CLIENT */;
/*!40101 SET @OLD_CHARACTER_SET_RESULTS=@@CHARACTER_SET_RESULTS */;
/*!40101 SET @OLD_COLLATION_CONNECTION=@@COLLATION_CONNECTION */;
/*!50503 SET NAMES utf8 */;
/*!40103 SET @OLD_TIME_ZONE=@@TIME_ZONE */;
/*!40103 SET TIME_ZONE='+00:00' */;
/*!40014 SET @OLD_UNIQUE_CHECKS=@@UNIQUE_CHECKS, UNIQUE_CHECKS=0 */;
/*!40014 SET @OLD_FOREIGN_KEY_CHECKS=@@FOREIGN_KEY_CHECKS, FOREIGN_KEY_CHECKS=0 */;
/*!40101 SET @OLD_SQL_MODE=@@SQL_MODE, SQL_MODE='NO_AUTO_VALUE_ON_ZERO' */;
/*!40111 SET @OLD_SQL_NOTES=@@SQL_NOTES, SQL_NOTES=0 */;

--
-- Table structure for table `alarm`
--

DROP TABLE IF EXISTS `alarm`;
/*!40101 SET @saved_cs_client     = @@character_set_client */;
/*!50503 SET character_set_client = utf8mb4 */;
CREATE TABLE `alarm` (
  `id` int NOT NULL AUTO_INCREMENT,
  `content` varchar(255) NOT NULL,
  `read` tinyint(1) DEFAULT NULL,
  `created_date` datetime DEFAULT CURRENT_TIMESTAMP,
  `user_id` int DEFAULT NULL,
  `alarm_type` varchar(30) NOT NULL,
  `target_id` int NOT NULL,
  PRIMARY KEY (`id`),
  KEY `user_id` (`user_id`),
  KEY `ix_alarm_id` (`id`),
  CONSTRAINT `alarm_ibfk_1` FOREIGN KEY (`user_id`) REFERENCES `user` (`id`) ON DELETE CASCADE
) ENGINE=InnoDB AUTO_INCREMENT=444 DEFAULT CHARSET=utf8mb3;
/*!40101 SET character_set_client = @saved_cs_client */;

--
-- Dumping data for table `alarm`
--

LOCK TABLES `alarm` WRITE;
/*!40000 ALTER TABLE `alarm` DISABLE KEYS */;
INSERT INTO `alarm` VALUES (306,'[하차]버스가 잠시 후 월드컵경기장역에 도착합니다. 준비해주세요.',0,'2022-11-17 09:20:10',21,'station',1150),(307,'[하차]버스가 잠시 후 장대네거리에 도착합니다. 준비해주세요.',0,'2022-11-17 09:33:32',22,'station',1151),(309,'[하차]버스가 잠시 후 유성문화원에 도착합니다. 준비해주세요.',1,'2022-11-17 09:34:34',38,'station',1152),(313,'[공지] 금일 6호차 하차노선 운행 안내',0,'2022-11-18 01:30:18',4,'notice',48),(315,'[공지] 금일 6호차 하차노선 운행 안내',0,'2022-11-18 01:30:18',22,'notice',48),(316,'[공지] 금일 6호차 하차노선 운행 안내',0,'2022-11-18 01:30:18',23,'notice',48),(317,'[공지] 금일 6호차 하차노선 운행 안내',0,'2022-11-18 01:30:18',24,'notice',48),(318,'[공지] 금일 6호차 하차노선 운행 안내',0,'2022-11-18 01:30:18',25,'notice',48),(319,'[공지] 금일 6호차 하차노선 운행 안내',0,'2022-11-18 01:30:18',26,'notice',48),(320,'[공지] 금일 6호차 하차노선 운행 안내',0,'2022-11-18 01:30:18',27,'notice',48),(321,'[공지] 금일 6호차 하차노선 운행 안내',0,'2022-11-18 01:30:18',28,'notice',48),(322,'[공지] 금일 6호차 하차노선 운행 안내',0,'2022-11-18 01:30:18',29,'notice',48),(323,'[공지] 금일 6호차 하차노선 운행 안내',0,'2022-11-18 01:30:18',33,'notice',48),(324,'[공지] 금일 6호차 하차노선 운행 안내',0,'2022-11-18 01:30:18',34,'notice',48),(325,'[공지] 금일 6호차 하차노선 운행 안내',1,'2022-11-18 01:30:18',35,'notice',48),(326,'[공지] 금일 6호차 하차노선 운행 안내',0,'2022-11-18 01:30:18',36,'notice',48),(327,'[공지] 금일 6호차 하차노선 운행 안내',1,'2022-11-18 01:30:18',38,'notice',48),(328,'[공지] 금일 6호차 하차노선 운행 안내',0,'2022-11-18 01:30:18',39,'notice',48),(329,'[공지] 3호차 노선 변경안내',0,'2022-11-18 05:16:57',4,'notice',49),(331,'[공지] 3호차 노선 변경안내',0,'2022-11-18 05:16:57',22,'notice',49),(332,'[공지] 3호차 노선 변경안내',0,'2022-11-18 05:16:57',23,'notice',49),(333,'[공지] 3호차 노선 변경안내',0,'2022-11-18 05:16:57',24,'notice',49),(334,'[공지] 3호차 노선 변경안내',0,'2022-11-18 05:16:57',25,'notice',49),(335,'[공지] 3호차 노선 변경안내',0,'2022-11-18 05:16:57',26,'notice',49),(336,'[공지] 3호차 노선 변경안내',0,'2022-11-18 05:16:57',27,'notice',49),(337,'[공지] 3호차 노선 변경안내',0,'2022-11-18 05:16:57',28,'notice',49),(338,'[공지] 3호차 노선 변경안내',0,'2022-11-18 05:16:57',29,'notice',49),(339,'[공지] 3호차 노선 변경안내',0,'2022-11-18 05:16:57',33,'notice',49),(340,'[공지] 3호차 노선 변경안내',0,'2022-11-18 05:16:57',34,'notice',49),(341,'[공지] 3호차 노선 변경안내',1,'2022-11-18 05:16:57',35,'notice',49),(342,'[공지] 3호차 노선 변경안내',0,'2022-11-18 05:16:57',36,'notice',49),(343,'[공지] 3호차 노선 변경안내',0,'2022-11-18 05:16:57',38,'notice',49),(344,'[공지] 3호차 노선 변경안내',0,'2022-11-18 05:16:57',39,'notice',49),(345,'[공지] 3호차 안내',0,'2022-11-18 05:18:54',4,'notice',50),(347,'[공지] 3호차 안내',0,'2022-11-18 05:18:54',22,'notice',50),(348,'[공지] 3호차 안내',0,'2022-11-18 05:18:54',23,'notice',50),(349,'[공지] 3호차 안내',0,'2022-11-18 05:18:54',24,'notice',50),(350,'[공지] 3호차 안내',0,'2022-11-18 05:18:54',25,'notice',50),(351,'[공지] 3호차 안내',0,'2022-11-18 05:18:54',26,'notice',50),(352,'[공지] 3호차 안내',0,'2022-11-18 05:18:54',27,'notice',50),(353,'[공지] 3호차 안내',0,'2022-11-18 05:18:54',28,'notice',50),(354,'[공지] 3호차 안내',0,'2022-11-18 05:18:54',29,'notice',50),(355,'[공지] 3호차 안내',0,'2022-11-18 05:18:54',33,'notice',50),(356,'[공지] 3호차 안내',0,'2022-11-18 05:18:54',34,'notice',50),(357,'[공지] 3호차 안내',1,'2022-11-18 05:18:54',35,'notice',50),(358,'[공지] 3호차 안내',0,'2022-11-18 05:18:54',36,'notice',50),(359,'[공지] 3호차 안내',0,'2022-11-18 05:18:54',38,'notice',50),(360,'[공지] 3호차 안내',0,'2022-11-18 05:18:54',39,'notice',50),(361,'[공지]',0,'2022-11-18 05:20:45',4,'notice',51),(363,'[공지]',0,'2022-11-18 05:20:45',22,'notice',51),(364,'[공지]',0,'2022-11-18 05:20:45',23,'notice',51),(365,'[공지]',0,'2022-11-18 05:20:45',24,'notice',51),(366,'[공지]',0,'2022-11-18 05:20:45',25,'notice',51),(367,'[공지]',0,'2022-11-18 05:20:45',26,'notice',51),(368,'[공지]',0,'2022-11-18 05:20:45',27,'notice',51),(369,'[공지]',0,'2022-11-18 05:20:45',28,'notice',51),(370,'[공지]',0,'2022-11-18 05:20:45',29,'notice',51),(371,'[공지]',0,'2022-11-18 05:20:45',33,'notice',51),(372,'[공지]',0,'2022-11-18 05:20:45',34,'notice',51),(373,'[공지]',1,'2022-11-18 05:20:45',35,'notice',51),(374,'[공지]',0,'2022-11-18 05:20:45',36,'notice',51),(375,'[공지]',0,'2022-11-18 05:20:45',38,'notice',51),(376,'[공지]',0,'2022-11-18 05:20:45',39,'notice',51),(377,'[공지]',0,'2022-11-18 05:20:45',41,'notice',51),(378,'[공지]',0,'2022-11-18 05:21:25',4,'notice',52),(380,'[공지]',0,'2022-11-18 05:21:25',22,'notice',52),(381,'[공지]',0,'2022-11-18 05:21:25',23,'notice',52),(382,'[공지]',0,'2022-11-18 05:21:25',24,'notice',52),(383,'[공지]',0,'2022-11-18 05:21:25',25,'notice',52),(384,'[공지]',0,'2022-11-18 05:21:25',26,'notice',52),(385,'[공지]',0,'2022-11-18 05:21:25',27,'notice',52),(386,'[공지]',0,'2022-11-18 05:21:25',28,'notice',52),(387,'[공지]',0,'2022-11-18 05:21:25',29,'notice',52),(388,'[공지]',0,'2022-11-18 05:21:25',33,'notice',52),(389,'[공지]',0,'2022-11-18 05:21:25',34,'notice',52),(390,'[공지]',1,'2022-11-18 05:21:25',35,'notice',52),(391,'[공지]',0,'2022-11-18 05:21:25',36,'notice',52),(392,'[공지]',0,'2022-11-18 05:21:25',38,'notice',52),(393,'[공지]',0,'2022-11-18 05:21:25',39,'notice',52),(394,'[공지]',1,'2022-11-18 05:21:25',41,'notice',52),(395,'[공지]',0,'2022-11-18 05:24:44',4,'notice',53),(397,'[공지]',0,'2022-11-18 05:24:44',22,'notice',53),(398,'[공지]',0,'2022-11-18 05:24:44',23,'notice',53),(399,'[공지]',0,'2022-11-18 05:24:44',24,'notice',53),(400,'[공지]',0,'2022-11-18 05:24:44',25,'notice',53),(401,'[공지]',0,'2022-11-18 05:24:44',26,'notice',53),(402,'[공지]',0,'2022-11-18 05:24:44',27,'notice',53),(403,'[공지]',0,'2022-11-18 05:24:44',28,'notice',53),(404,'[공지]',0,'2022-11-18 05:24:44',29,'notice',53),(405,'[공지]',0,'2022-11-18 05:24:44',33,'notice',53),(406,'[공지]',0,'2022-11-18 05:24:44',34,'notice',53),(407,'[공지]',1,'2022-11-18 05:24:44',35,'notice',53),(408,'[공지]',0,'2022-11-18 05:24:44',36,'notice',53),(409,'[공지]',0,'2022-11-18 05:24:44',38,'notice',53),(410,'[공지]',0,'2022-11-18 05:24:44',39,'notice',53),(411,'[공지]',0,'2022-11-18 05:24:44',41,'notice',53),(412,'[공지]',0,'2022-11-18 05:26:01',4,'notice',54),(414,'[공지]',0,'2022-11-18 05:26:01',22,'notice',54),(415,'[공지]',0,'2022-11-18 05:26:01',23,'notice',54),(416,'[공지]',0,'2022-11-18 05:26:01',24,'notice',54),(417,'[공지]',0,'2022-11-18 05:26:01',25,'notice',54),(418,'[공지]',0,'2022-11-18 05:26:01',26,'notice',54),(419,'[공지]',0,'2022-11-18 05:26:01',27,'notice',54),(420,'[공지]',0,'2022-11-18 05:26:01',28,'notice',54),(421,'[공지]',0,'2022-11-18 05:26:01',29,'notice',54),(422,'[공지]',0,'2022-11-18 05:26:01',33,'notice',54),(423,'[공지]',0,'2022-11-18 05:26:01',34,'notice',54),(424,'[공지]',1,'2022-11-18 05:26:01',35,'notice',54),(425,'[공지]',0,'2022-11-18 05:26:01',36,'notice',54),(426,'[공지]',0,'2022-11-18 05:26:01',38,'notice',54),(427,'[공지]',0,'2022-11-18 05:26:01',39,'notice',54),(428,'[공지]',0,'2022-11-18 05:26:01',41,'notice',54),(429,'[승차]버스가 잠시 후 테스트 정류장2에 도착합니다. 준비해주세요.',0,'2022-11-18 05:30:11',41,'station',1269),(430,'[승차]버스가 잠시 후 테스트 정류장2에 도착합니다. 준비해주세요.',0,'2022-11-18 06:36:05',41,'station',1269),(431,'string',0,'2022-11-18 07:28:26',1,'faq',14),(432,'string',0,'2022-11-18 07:28:26',18,'faq',14),(433,'string',0,'2022-11-18 07:28:26',21,'faq',14),(434,'푸시아림입니다',0,'2022-11-18 07:29:37',1,'faq',15),(435,'푸시아림입니다',0,'2022-11-18 07:29:37',18,'faq',15),(436,'푸시아림입니다',0,'2022-11-18 07:29:37',21,'faq',15),(437,'푸시아림입니다22',0,'2022-11-18 07:29:51',1,'faq',16),(438,'푸시아림입니다22',0,'2022-11-18 07:29:51',18,'faq',16),(439,'푸시아림입니다22',0,'2022-11-18 07:29:51',21,'faq',16),(440,'푸시아림입니다33',0,'2022-11-18 07:30:10',1,'faq',17),(441,'푸시아림입니다33',0,'2022-11-18 07:30:10',18,'faq',17),(442,'푸시아림입니다33',0,'2022-11-18 07:30:10',21,'faq',17),(443,'[승차]버스가 잠시 후 테스트 정류장1에 도착합니다. 준비해주세요.',0,'2022-11-18 07:30:52',43,'station',1276);
/*!40000 ALTER TABLE `alarm` ENABLE KEYS */;
UNLOCK TABLES;

--
-- Table structure for table `bus`
--

DROP TABLE IF EXISTS `bus`;
/*!40101 SET @saved_cs_client     = @@character_set_client */;
/*!50503 SET character_set_client = utf8mb4 */;
CREATE TABLE `bus` (
  `id` int NOT NULL AUTO_INCREMENT,
  `name` varchar(50) NOT NULL,
  `region_id` int DEFAULT NULL,
  `commute_or_leave` enum('COMMUTE','LEAVE') DEFAULT NULL,
  `order` int NOT NULL DEFAULT '-1',
  PRIMARY KEY (`id`),
  UNIQUE KEY `ix_bus_name` (`name`),
  KEY `region_id` (`region_id`),
  KEY `ix_bus_id` (`id`),
  CONSTRAINT `bus_ibfk_1` FOREIGN KEY (`region_id`) REFERENCES `region` (`id`)
) ENGINE=InnoDB AUTO_INCREMENT=84 DEFAULT CHARSET=utf8mb3;
/*!40101 SET character_set_client = @saved_cs_client */;

--
-- Dumping data for table `bus`
--

LOCK TABLES `bus` WRITE;
/*!40000 ALTER TABLE `bus` DISABLE KEYS */;
INSERT INTO `bus` VALUES (4,'1호차(하)',200,'LEAVE',-1),(55,'5호차(하)',200,'LEAVE',-1),(68,'3호차',200,'COMMUTE',-1),(69,'4호차',200,'COMMUTE',-1),(70,'SSAFY 서울캠퍼스',100,'COMMUTE',-1),(71,'구미 대구 서부',300,'COMMUTE',-1),(72,'5호차',200,'COMMUTE',-1),(73,'6호차',200,'COMMUTE',-1),(76,'1호차',200,'COMMUTE',2),(77,'2호차',200,'COMMUTE',-1),(78,'2호차(하)',200,'LEAVE',-1),(79,'3호차(하)',200,'LEAVE',-1),(80,'4호차(하)',200,'LEAVE',-1),(81,'6호차(하)',200,'LEAVE',-1),(82,'발표시연',200,'COMMUTE',-1),(83,'발표시연호차',200,'COMMUTE',0);
/*!40000 ALTER TABLE `bus` ENABLE KEYS */;
UNLOCK TABLES;

--
-- Table structure for table `faq`
--

DROP TABLE IF EXISTS `faq`;
/*!40101 SET @saved_cs_client     = @@character_set_client */;
/*!50503 SET character_set_client = utf8mb4 */;
CREATE TABLE `faq` (
  `id` int NOT NULL AUTO_INCREMENT,
  `title` varchar(50) NOT NULL,
  `content` text NOT NULL,
  `created_date` datetime DEFAULT CURRENT_TIMESTAMP,
  `updated_date` datetime DEFAULT CURRENT_TIMESTAMP,
  `region_id` int DEFAULT NULL,
  `user_id` int DEFAULT NULL,
  PRIMARY KEY (`id`),
  KEY `region_id` (`region_id`),
  KEY `user_id` (`user_id`),
  KEY `ix_faq_id` (`id`),
  CONSTRAINT `faq_ibfk_1` FOREIGN KEY (`region_id`) REFERENCES `region` (`id`),
  CONSTRAINT `faq_ibfk_2` FOREIGN KEY (`user_id`) REFERENCES `user` (`id`) ON DELETE CASCADE
) ENGINE=InnoDB AUTO_INCREMENT=18 DEFAULT CHARSET=utf8mb3;
/*!40101 SET character_set_client = @saved_cs_client */;

--
-- Dumping data for table `faq`
--

LOCK TABLES `faq` WRITE;
/*!40000 ALTER TABLE `faq` DISABLE KEYS */;
INSERT INTO `faq` VALUES (5,'퇴근 노선 증설 요청','1234','2022-11-08 04:40:51','2022-11-08 04:40:51',200,4),(6,'노선 변경을 요청합니다.','1234','2022-11-08 04:41:01','2022-11-08 04:41:01',200,4),(7,'3호차 하차 노선 시간 조정 요청','1234','2022-11-08 04:41:08','2022-11-08 04:41:08',200,4),(8,'3호차 하차 노선 시간 조정 요청 조정 요청 조정 요청 조정 요청','1234','2022-11-08 05:27:55','2022-11-08 05:27:55',200,4),(9,'gd','string','2022-11-10 02:32:49','2022-11-10 02:32:49',200,4),(10,'gd','string','2022-11-10 02:33:00','2022-11-10 02:33:00',200,4),(11,'gd','string','2022-11-10 04:20:14','2022-11-10 04:20:14',200,4),(12,'gdgdgqwqw','qwqwqwqw','2022-11-10 05:14:45','2022-11-10 05:14:45',200,21),(13,'testtest','asfasftestasfasftestasfasftestasfasftestasfasftestasfasftestasfasftestasfasftestasfasftestasfasftestasfasftestasfasftestasfasftestasfasftestasfasftestasfasftestasfasftestasfasftestasfasftestasfasftestasfasftestasfasftestasfasftestasfasftestasfasftestasfasftestasfasftestasfasftestasfasftestasfasftestasfasftestasfasftestasfasftestasfasftestasfasftestasfasftestasfasftestasfasftestasfasftestasfasftestasfasftestasfasftestasfasftestasfasftestasfasftestasfasftestasfasftestasfasftestasfasftestasfasftestasfasftestasfasftestasfasftestasfasftestasfasftestasfasftestasfasftestasfasftestasfasftestasfasftestasfasftestasfasftest','2022-11-11 01:23:09','2022-11-11 01:23:09',100,1),(14,'string','string','2022-11-18 07:28:26','2022-11-18 07:28:26',200,41),(15,'푸시아림입니다','string','2022-11-18 07:29:37','2022-11-18 07:29:37',200,41),(16,'푸시아림입니다22','string','2022-11-18 07:29:51','2022-11-18 07:29:51',200,41),(17,'푸시아림입니다33','string','2022-11-18 07:30:10','2022-11-18 07:30:10',200,41);
/*!40000 ALTER TABLE `faq` ENABLE KEYS */;
UNLOCK TABLES;

--
-- Table structure for table `faq_answer`
--

DROP TABLE IF EXISTS `faq_answer`;
/*!40101 SET @saved_cs_client     = @@character_set_client */;
/*!50503 SET character_set_client = utf8mb4 */;
CREATE TABLE `faq_answer` (
  `id` int NOT NULL AUTO_INCREMENT,
  `content` text NOT NULL,
  `created_date` datetime DEFAULT CURRENT_TIMESTAMP,
  `updated_date` datetime DEFAULT CURRENT_TIMESTAMP,
  `faq_id` int DEFAULT NULL,
  `user_id` int DEFAULT NULL,
  PRIMARY KEY (`id`),
  KEY `faq_id` (`faq_id`),
  KEY `user_id` (`user_id`),
  KEY `ix_faq_answer_id` (`id`),
  CONSTRAINT `faq_answer_ibfk_1` FOREIGN KEY (`faq_id`) REFERENCES `faq` (`id`) ON DELETE CASCADE,
  CONSTRAINT `faq_answer_ibfk_2` FOREIGN KEY (`user_id`) REFERENCES `user` (`id`) ON DELETE CASCADE
) ENGINE=InnoDB AUTO_INCREMENT=7 DEFAULT CHARSET=utf8mb3;
/*!40101 SET character_set_client = @saved_cs_client */;

--
-- Dumping data for table `faq_answer`
--

LOCK TABLES `faq_answer` WRITE;
/*!40000 ALTER TABLE `faq_answer` DISABLE KEYS */;
INSERT INTO `faq_answer` VALUES (1,'싫어요 싫어요 싫어요 싫어요 싫어요 싫어요 싫어요 싫어요 싫어요 싫어요 ','2022-11-08 06:46:27','2022-11-08 06:46:27',8,1),(2,'싫어요','2022-11-08 06:47:49','2022-11-08 06:47:49',8,1),(3,'거절합니다','2022-11-09 07:42:51','2022-11-09 07:42:51',6,18),(4,'test','2022-11-10 03:53:37','2022-11-10 03:53:37',10,18),(5,'sdfsdfsdf','2022-11-11 01:23:59','2022-11-11 01:23:59',13,18),(6,'aaaaaa','2022-11-11 01:24:08','2022-11-11 01:24:08',13,18);
/*!40000 ALTER TABLE `faq_answer` ENABLE KEYS */;
UNLOCK TABLES;

--
-- Table structure for table `notice`
--

DROP TABLE IF EXISTS `notice`;
/*!40101 SET @saved_cs_client     = @@character_set_client */;
/*!50503 SET character_set_client = utf8mb4 */;
CREATE TABLE `notice` (
  `id` int NOT NULL AUTO_INCREMENT,
  `title` varchar(50) NOT NULL,
  `content` text NOT NULL,
  `created_date` datetime DEFAULT CURRENT_TIMESTAMP,
  `updated_date` datetime DEFAULT CURRENT_TIMESTAMP,
  `region_id` int DEFAULT NULL,
  `user_id` int DEFAULT NULL,
  PRIMARY KEY (`id`),
  KEY `region_id` (`region_id`),
  KEY `user_id` (`user_id`),
  KEY `ix_notice_id` (`id`),
  CONSTRAINT `notice_ibfk_1` FOREIGN KEY (`region_id`) REFERENCES `region` (`id`),
  CONSTRAINT `notice_ibfk_2` FOREIGN KEY (`user_id`) REFERENCES `user` (`id`) ON DELETE CASCADE
) ENGINE=InnoDB AUTO_INCREMENT=55 DEFAULT CHARSET=utf8mb3;
/*!40101 SET character_set_client = @saved_cs_client */;

--
-- Dumping data for table `notice`
--

LOCK TABLES `notice` WRITE;
/*!40000 ALTER TABLE `notice` DISABLE KEYS */;
INSERT INTO `notice` VALUES (48,'[공지] 금일 6호차 하차노선 운행 안내','장비 문제로 다른 차는 추후 지원 예정입니다. \n\n6호차 탑승하는 교육생들은 Mattermost공지를 확인해주세요','2022-11-18 01:30:18','2022-11-18 01:30:18',200,21),(50,'[공지] 3호차 안내','기존 덕명동에서 정차하던 셔틀버스가 봉명동으로 노선변경되었습니다. 자세한내용은 메타모스트로 확인해주세요.','2022-11-18 05:18:54','2022-11-18 05:18:54',200,21);
/*!40000 ALTER TABLE `notice` ENABLE KEYS */;
UNLOCK TABLES;

--
-- Table structure for table `poly_line`
--

DROP TABLE IF EXISTS `poly_line`;
/*!40101 SET @saved_cs_client     = @@character_set_client */;
/*!50503 SET character_set_client = utf8mb4 */;
CREATE TABLE `poly_line` (
  `id` int NOT NULL AUTO_INCREMENT,
  `bus_id` int DEFAULT NULL,
  `latitude` varchar(50) NOT NULL,
  `longitude` varchar(50) NOT NULL,
  PRIMARY KEY (`id`),
  KEY `bus_id` (`bus_id`),
  KEY `ix_poly_line_id` (`id`),
  CONSTRAINT `poly_line_ibfk_1` FOREIGN KEY (`bus_id`) REFERENCES `bus` (`id`) ON DELETE CASCADE
) ENGINE=InnoDB AUTO_INCREMENT=66143 DEFAULT CHARSET=utf8mb3;
/*!40101 SET character_set_client = @saved_cs_client */;

--
-- Dumping data for table `poly_line`
--

LOCK TABLES `poly_line` WRITE;
/*!40000 ALTER TABLE `poly_line` DISABLE KEYS */;
INSERT INTO `poly_line` VALUES (19342,71,'35.8137232','128.5222134'),(19343,71,'35.813814','128.5226618'),(19344,71,'35.8139046','128.5231411'),(19345,71,'35.8140418','128.5238624'),(19346,71,'35.8140807','128.5240621'),(19347,71,'35.8141254','128.5243217'),(19348,71,'35.8142494','128.5249941'),(19349,71,'35.8142641','128.525075'),(19350,71,'35.8143421','128.5254424'),(19351,71,'35.8143802','128.5256245'),(19352,71,'35.8144468','128.5259618'),(19353,71,'35.8144858','128.526135'),(19354,71,'35.8145539','128.5263971'),(19355,71,'35.8146035','128.5266091'),(19356,71,'35.8146775','128.5268127'),(19357,71,'35.8148785','128.527341'),(19358,71,'35.8150055','128.5276747'),(19359,71,'35.815084','128.5278794'),(19360,71,'35.8151466','128.5280496'),(19361,71,'35.8152832','128.5284089'),(19362,71,'35.8153422','128.5285746'),(19363,71,'35.8153554','128.5286124'),(19364,71,'35.8154022','128.5287325'),(19365,71,'35.8154402','128.5288227'),(19366,71,'35.8154878','128.5289439'),(19367,71,'35.8155805','128.5291743'),(19368,71,'35.8159614','128.5299629'),(19369,71,'35.8161581','128.5303694'),(19370,71,'35.8162538','128.5305677'),(19371,71,'35.8163468','128.5307626'),(19372,71,'35.8164716','128.5310244'),(19373,71,'35.8165053','128.5311001'),(19374,71,'35.8165858','128.5312749'),(19375,71,'35.8166716','128.5314631'),(19376,71,'35.816747','128.5316124'),(19377,71,'35.8171444','128.5324743'),(19378,71,'35.8171912','128.53259'),(19379,71,'35.8172053','128.5326245'),(19380,71,'35.8172752','128.5327848'),(19381,71,'35.8174644','128.533219'),(19382,71,'35.8176306','128.5335997'),(19383,71,'35.8178967','128.534212'),(19384,71,'35.8180221','128.5345125'),(19385,71,'35.8181061','128.5348157'),(19386,71,'35.8182529','128.5353523'),(19387,71,'35.81828','128.5354501'),(19388,71,'35.8184218','128.53595'),(19389,71,'35.8184751','128.53615'),(19390,71,'35.8185137','128.5362733'),(19391,71,'35.8185442','128.5363933'),(19392,71,'35.8185546','128.5364355'),(19393,71,'35.818664','128.5368232'),(19394,71,'35.8187191','128.5370166'),(19395,71,'35.818808','128.5373675'),(19396,71,'35.8189066','128.5377551'),(19397,71,'35.8189258','128.5378218'),(19398,71,'35.8189468','128.5378996'),(19399,71,'35.8189634','128.5379618'),(19400,71,'35.8190834','128.5378449'),(19401,71,'35.8192172','128.5377027'),(19402,71,'35.8193675','128.5375176'),(19403,71,'35.8194003','128.5374771'),(19404,71,'35.8194551','128.5374014'),(19405,71,'35.819539','128.5372929'),(19406,71,'35.8200467','128.5366497'),(19407,71,'35.8205717','128.5359868'),(19408,71,'35.8207936','128.5355547'),(19409,71,'35.8209576','128.5353531'),(19410,71,'35.8213632','128.5348514'),(19411,71,'35.8214415','128.5347572'),(19412,71,'35.8215582','128.5346093'),(19413,71,'35.8215846','128.5345753'),(19414,71,'35.8220269','128.533991'),(19415,71,'35.8222774','128.5336898'),(19416,71,'35.8223995','128.533542'),(19417,71,'35.8224405','128.5334927'),(19418,71,'35.8225243','128.5333919'),(19419,71,'35.8227785','128.5330852'),(19420,71,'35.8229279','128.5329056'),(19421,71,'35.8230555','128.5327501'),(19422,71,'35.8232082','128.5326015'),(19423,71,'35.8242601','128.5315801'),(19424,71,'35.8242946','128.5315462'),(19425,71,'35.8245592','128.5312906'),(19426,71,'35.8247419','128.5311136'),(19427,71,'35.824812','128.5310437'),(19428,71,'35.8255682','128.5303239'),(19429,71,'35.8259438','128.5299435'),(19430,71,'35.8261302','128.5297621'),(19431,71,'35.8262417','128.530006'),(19432,71,'35.8265615','128.5305703'),(19433,71,'35.8268235','128.5309269'),(19434,71,'35.8269119','128.5310265'),(19435,71,'35.8270351','128.5311654'),(19436,71,'35.8272157','128.5313438'),(19437,71,'35.8281299','128.5322867'),(19438,71,'35.8287716','128.5329371'),(19439,71,'35.8289459','128.5331109'),(19440,71,'35.8292721','128.5334495'),(19441,71,'35.8293713','128.5335493'),(19442,71,'35.8297047','128.5338869'),(19443,71,'35.8300103','128.5342008'),(19444,71,'35.8300443','128.5342367'),(19445,71,'35.8301855','128.5343869'),(19446,71,'35.83056','128.5347582'),(19447,71,'35.8308674','128.5350799'),(19448,71,'35.8313132','128.5355496'),(19449,71,'35.8315702','128.5358552'),(19450,71,'35.8318169','128.536216'),(19451,71,'35.8319889','128.5365526'),(19452,71,'35.8321632','128.5369368'),(19453,71,'35.8324219','128.5375624'),(19454,71,'35.8325051','128.5377495'),(19455,71,'35.8326592','128.5380704'),(19456,71,'35.8326707','128.5380916'),(19457,71,'35.8326965','128.5381373'),(19458,71,'35.8330884','128.5379619'),(19459,71,'35.8332334','128.537873'),(19460,71,'35.8333331','128.5378123'),(19461,71,'35.833681','128.5376131'),(19462,71,'35.8338577','128.5375125'),(19463,71,'35.8341333','128.5373367'),(19464,71,'35.8346497','128.5370367'),(19465,71,'35.8346669','128.5370292'),(19466,71,'35.8347448','128.5369937'),(19467,71,'35.8348208','128.5369637'),(19468,71,'35.8350911','128.5368742'),(19469,71,'35.8352076','128.5368491'),(19470,71,'35.8354906','128.5368606'),(19471,71,'35.8358412','128.536874'),(19472,71,'35.8363496','128.5368872'),(19473,71,'35.8366578','128.536899'),(19474,71,'35.83693','128.5369125'),(19475,71,'35.8371904','128.5369281'),(19476,71,'35.8374301','128.5369423'),(19477,71,'35.8374635','128.5369438'),(19478,71,'35.8380892','128.5369365'),(19479,71,'35.8382524','128.5369364'),(19480,71,'35.8382441','128.537171'),(19481,71,'35.8382429','128.5372031'),(19482,71,'35.8382332','128.5375938'),(19483,71,'35.8382244','128.5379868'),(19484,71,'35.8382215','128.5381163'),(19485,71,'35.8382157','128.5383686'),(19486,71,'35.8382083','128.5386996'),(19487,71,'35.8382053','128.5389498'),(19488,71,'35.8381995','128.5394114'),(19489,71,'35.8379993','128.5394088'),(19490,71,'35.8379182','128.5394078'),(19491,71,'35.8375621','128.5394009'),(19492,71,'35.8374161','128.539399'),(19493,71,'35.8374398','128.5385301'),(19494,71,'35.8374584','128.5378373'),(19495,71,'35.837458','128.5376745'),(19496,71,'35.8375499','128.5374775'),(19497,71,'35.8376176','128.5373688'),(19498,71,'35.8377223','128.5372517'),(19499,71,'35.8378904','128.5370933'),(19500,71,'35.8380892','128.5369365'),(19501,71,'35.8382524','128.5369364'),(19502,71,'35.8386833','128.5369431'),(19503,71,'35.8392971','128.536961'),(19504,71,'35.8394539','128.5369653'),(19505,71,'35.8402643','128.5369869'),(19506,71,'35.8403994','128.5369931'),(19507,71,'35.8409601','128.5370026'),(19508,71,'35.8416703','128.5370318'),(19509,71,'35.8418299','128.5370383'),(19510,71,'35.8420948','128.5370462'),(19511,71,'35.8421832','128.5370495'),(19512,71,'35.8424211','128.5370549'),(19513,71,'35.8426898','128.5370617'),(19514,71,'35.8433333','128.5370778'),(19515,71,'35.8434776','128.5370808'),(19516,71,'35.8435425','128.5370827'),(19517,71,'35.8437219','128.5370829'),(19518,71,'35.8438869','128.5370795'),(19519,71,'35.8439789','128.5370785'),(19520,71,'35.8442412','128.5370741'),(19521,71,'35.8444576','128.5370769'),(19522,71,'35.8448326','128.5370851'),(19523,71,'35.8452941','128.5370911'),(19524,71,'35.8453933','128.5370935'),(19525,71,'35.8457664','128.5371106'),(19526,71,'35.8460215','128.5371139'),(19527,71,'35.8462856','128.5371162'),(19528,71,'35.8470662','128.5371375'),(19529,71,'35.8472456','128.5371409'),(19530,71,'35.8479766','128.537167'),(19531,71,'35.8485579','128.5371868'),(19532,71,'35.8489842','128.5372001'),(19533,71,'35.8492429','128.5372068'),(19534,71,'35.8500145','128.5372213'),(19535,71,'35.8500848','128.5372233'),(19536,71,'35.8502605','128.5372356'),(19537,71,'35.8503101','128.5372362'),(19538,71,'35.8505319','128.5372424'),(19539,71,'35.8509412','128.5372367'),(19540,71,'35.8511575','128.5372494'),(19541,71,'35.8513494','128.5372619'),(19542,71,'35.8514143','128.5372628'),(19543,71,'35.8518515','128.5372718'),(19544,71,'35.8519579','128.5372743'),(19545,71,'35.8524428','128.5372906'),(19546,71,'35.8525474','128.5372897'),(19547,71,'35.8530053','128.5372979'),(19548,71,'35.8530747','128.5372999'),(19549,71,'35.8536417','128.5373117'),(19550,71,'35.8543159','128.5373249'),(19551,71,'35.8544692','128.537328'),(19552,71,'35.8549586','128.537341'),(19553,71,'35.8552831','128.5373508'),(19554,71,'35.8555499','128.5373631'),(19555,71,'35.8566045','128.5373846'),(19556,71,'35.8567496','128.5373865'),(19557,71,'35.8579856','128.5374015'),(19558,71,'35.8586058','128.5374085'),(19559,71,'35.85875','128.5374115'),(19560,71,'35.8589087','128.5374147'),(19561,71,'35.859308','128.5374243'),(19562,71,'35.8601165','128.5374492'),(19563,71,'35.860413','128.5374542'),(19564,71,'35.8612297','128.5374726'),(19565,71,'35.8616083','128.5374797'),(19566,71,'35.8619166','128.5374871'),(19567,71,'35.8620896','128.5374938'),(19568,71,'35.8622248','128.5375'),(19569,71,'35.8631208','128.5375194'),(19570,71,'35.8633578','128.5375247'),(19571,71,'35.8633705','128.5375249'),(19572,71,'35.8637075','128.537537'),(19573,71,'35.8638698','128.5375369'),(19574,71,'35.8642673','128.5375465'),(19575,71,'35.864444','128.5375499'),(19576,71,'35.8651075','128.5375619'),(19577,71,'35.8659827','128.5375866'),(19578,71,'35.8663857','128.5375874'),(19579,71,'35.8666497','128.5375997'),(19580,71,'35.8668273','128.5376087'),(19581,71,'35.8670075','128.5376133'),(19582,71,'35.8671996','128.5376124'),(19583,71,'35.8676998','128.5376245'),(19584,71,'35.8684407','128.5376508'),(19585,71,'35.8685903','128.5376572'),(19586,71,'35.86863','128.5376588'),(19587,71,'35.8688352','128.5376947'),(19588,71,'35.8689954','128.5377267'),(19589,71,'35.8697496','128.537875'),(19590,71,'35.8699161','128.5379115'),(19591,71,'35.8702913','128.5380006'),(19592,71,'35.8703201','128.5380076'),(19593,71,'35.8705999','128.5380744'),(19594,71,'35.8707114','128.5381024'),(19595,71,'35.8708743','128.5381367'),(19596,71,'35.8712998','128.5382496'),(19597,71,'35.8718109','128.538366'),(19598,71,'35.8720664','128.5384247'),(19599,71,'35.872636','128.5385529'),(19600,71,'35.872958','128.5386368'),(19601,71,'35.8736159','128.5387739'),(19602,71,'35.8741585','128.5388929'),(19603,71,'35.8742908','128.5389245'),(19604,71,'35.8744249','128.5389506'),(19605,71,'35.8745832','128.538987'),(19606,71,'35.8746993','128.5390118'),(19607,71,'35.8760579','128.5393331'),(19608,71,'35.8761938','128.539367'),(19609,71,'35.8775911','128.5396865'),(19610,71,'35.8782111','128.5398298'),(19611,71,'35.8783307','128.5398557'),(19612,71,'35.8785161','128.5398958'),(19613,71,'35.8785198','128.5395702'),(19614,71,'35.8785331','128.5385623'),(19615,71,'35.8785312','128.5384692'),(19616,71,'35.8785272','128.5383052'),(19617,71,'35.8785076','128.5374398'),(19618,71,'35.8784998','128.5370874'),(19619,71,'35.8784737','128.5362551'),(19620,71,'35.8784691','128.5360512'),(19621,71,'35.8784496','128.535599'),(19622,71,'35.8784435','128.5354649'),(19623,71,'35.8784327','128.5351457'),(19624,71,'35.8784247','128.534924'),(19625,71,'35.8783997','128.5343742'),(19626,71,'35.8783908','128.5341492'),(19627,71,'35.8783159','128.5332177'),(19628,71,'35.8783119','128.5331578'),(19629,71,'35.8783069','128.5331113'),(19630,71,'35.8783643','128.5329348'),(19631,71,'35.8783746','128.5327864'),(19632,71,'35.8783825','128.5325993'),(19633,71,'35.8783827','128.532575'),(19634,71,'35.8783997','128.5320678'),(19635,71,'35.878425','128.5318566'),(19636,71,'35.8784684','128.5316289'),(19637,71,'35.8785368','128.5314337'),(19638,71,'35.8786011','128.531295'),(19639,71,'35.8786442','128.5312058'),(19640,71,'35.8786991','128.5311113'),(19641,71,'35.8788441','128.5309292'),(19642,71,'35.8790525','128.5307026'),(19643,71,'35.8792639','128.5305392'),(19644,71,'35.8794746','128.5303625'),(19645,71,'35.8800895','128.5300425'),(19646,71,'35.8804892','128.5297951'),(19647,71,'35.8805935','128.5297222'),(19648,71,'35.8817084','128.5288227'),(19649,71,'35.882191','128.5282562'),(19650,71,'35.8828342','128.5277981'),(19651,71,'35.8831662','128.527562'),(19652,71,'35.8837158','128.5271747'),(19653,71,'35.8842389','128.5268369'),(19654,71,'35.8846783','128.5265845'),(19655,71,'35.8853073','128.5263023'),(19656,71,'35.8858255','128.526114'),(19657,71,'35.8862032','128.5260181'),(19658,71,'35.8868903','128.5259017'),(19659,71,'35.8885042','128.5256777'),(19660,71,'35.8891863','128.5257231'),(19661,71,'35.8901254','128.5256554'),(19662,71,'35.8905078','128.525749'),(19663,71,'35.8908329','128.5258994'),(19664,71,'35.8911832','128.5261499'),(19665,71,'35.8916826','128.5265873'),(19666,71,'35.891991','128.5267874'),(19667,71,'35.8922416','128.5268993'),(19668,71,'35.8924242','128.5269493'),(19669,71,'35.8926','128.5269493'),(19670,71,'35.8928077','128.5269121'),(19671,71,'35.8929831','128.526849'),(19672,71,'35.8931913','128.5267497'),(19673,71,'35.8933993','128.526574'),(19674,71,'35.89365','128.5262493'),(19675,71,'35.8938412','128.5259249'),(19676,71,'35.8939911','128.5255745'),(19677,71,'35.8940916','128.5252124'),(19678,71,'35.8941415','128.5249615'),(19679,71,'35.8941517','128.5246171'),(19680,71,'35.8941413','128.5244618'),(19681,71,'35.8940408','128.5240871'),(19682,71,'35.8939241','128.5238119'),(19683,71,'35.893681','128.5233534'),(19684,71,'35.8935721','128.5231182'),(19685,71,'35.893489','128.5228158'),(19686,71,'35.8934131','128.5224204'),(19687,71,'35.893414','128.5219949'),(19688,71,'35.8934714','128.5214948'),(19689,71,'35.8935805','128.5208647'),(19690,71,'35.8936934','128.5202013'),(19691,71,'35.8940297','128.5182844'),(19692,71,'35.8940648','128.517661'),(19693,71,'35.8941939','128.5168915'),(19694,71,'35.8943124','128.5162005'),(19695,71,'35.8943826','128.515787'),(19696,71,'35.8945911','128.5145875'),(19697,71,'35.8947498','128.5136244'),(19698,71,'35.8948575','128.5128247'),(19699,71,'35.8950167','128.5112744'),(19700,71,'35.8950416','128.5102365'),(19701,71,'35.8950161','128.5090872'),(19702,71,'35.8949411','128.5078242'),(19703,71,'35.8946833','128.5050243'),(19704,71,'35.8945503','128.5032454'),(19705,71,'35.8945495','128.5032365'),(19706,71,'35.8945497','128.5025606'),(19707,71,'35.8945493','128.5022869'),(19708,71,'35.8945968','128.5015651'),(19709,71,'35.89462','128.5013693'),(19710,71,'35.8947741','128.5005114'),(19711,71,'35.8948962','128.5000387'),(19712,71,'35.8949055','128.4999989'),(19713,71,'35.8952079','128.4991994'),(19714,71,'35.8954584','128.4986718'),(19715,71,'35.8957305','128.4981534'),(19716,71,'35.8961314','128.4975346'),(19717,71,'35.8964794','128.4971035'),(19718,71,'35.8967331','128.4968374'),(19719,71,'35.8973829','128.4962239'),(19720,71,'35.8979342','128.4958452'),(19721,71,'35.8981998','128.4956624'),(19722,71,'35.8986917','128.4953871'),(19723,71,'35.9029496','128.49355'),(19724,71,'35.9029886','128.4935327'),(19725,71,'35.9039665','128.493125'),(19726,71,'35.9041158','128.4930659'),(19727,71,'35.9058827','128.4923255'),(19728,71,'35.9060862','128.4922405'),(19729,71,'35.9062083','128.4921889'),(19730,71,'35.9063332','128.4921372'),(19731,71,'35.906933','128.4918865'),(19732,71,'35.9073637','128.4916924'),(19733,71,'35.9076488','128.491563'),(19734,71,'35.9086162','128.491124'),(19735,71,'35.9087393','128.4910657'),(19736,71,'35.9088723','128.4910031'),(19737,71,'35.9105332','128.4902115'),(19738,71,'35.9123114','128.4893038'),(19739,71,'35.9128827','128.4890117'),(19740,71,'35.9150493','128.4878993'),(19741,71,'35.9166662','128.4870871'),(19742,71,'35.9186496','128.4860998'),(19743,71,'35.9191086','128.4858705'),(19744,71,'35.9196746','128.4855617'),(19745,71,'35.9197298','128.4855335'),(19746,71,'35.9212846','128.4847105'),(19747,71,'35.9213579','128.4846748'),(19748,71,'35.9229867','128.483836'),(19749,71,'35.9236159','128.4835123'),(19750,71,'35.9262985','128.4821356'),(19751,71,'35.9264543','128.4820533'),(19752,71,'35.926533','128.4820121'),(19753,71,'35.9267106','128.4819135'),(19754,71,'35.9279577','128.4812239'),(19755,71,'35.9288075','128.4805992'),(19756,71,'35.9294328','128.4799873'),(19757,71,'35.9299745','128.4793366'),(19758,71,'35.9305494','128.4784868'),(19759,71,'35.9308576','128.4778499'),(19760,71,'35.9311999','128.4771114'),(19761,71,'35.931908','128.4752866'),(19762,71,'35.9326324','128.4734498'),(19763,71,'35.9332659','128.4718235'),(19764,71,'35.9337456','128.4705934'),(19765,71,'35.9340162','128.4698994'),(19766,71,'35.9350646','128.4673503'),(19767,71,'35.9353159','128.4668123'),(19768,71,'35.9354713','128.4665504'),(19769,71,'35.9355133','128.4664844'),(19770,71,'35.9357645','128.4660817'),(19771,71,'35.9359443','128.4658101'),(19772,71,'35.9361485','128.4655332'),(19773,71,'35.936391','128.4651991'),(19774,71,'35.9370496','128.4644621'),(19775,71,'35.9376665','128.4638743'),(19776,71,'35.9378499','128.4637125'),(19777,71,'35.9387227','128.4630368'),(19778,71,'35.9391544','128.4627139'),(19779,71,'35.9394074','128.4625241'),(19780,71,'35.9394374','128.4625'),(19781,71,'35.9401242','128.4619618'),(19782,71,'35.9403573','128.4617872'),(19783,71,'35.9423998','128.4602621'),(19784,71,'35.9441161','128.458949'),(19785,71,'35.9449666','128.4583373'),(19786,71,'35.9457995','128.4577997'),(19787,71,'35.9466413','128.4573741'),(19788,71,'35.9476992','128.4569866'),(19789,71,'35.9486992','128.456737'),(19790,71,'35.9505408','128.4563245'),(19791,71,'35.9523747','128.4559741'),(19792,71,'35.9530177','128.4558377'),(19793,71,'35.9541935','128.4555868'),(19794,71,'35.95608','128.4551937'),(19795,71,'35.959732','128.4544348'),(19796,71,'35.9616663','128.4540367'),(19797,71,'35.9625993','128.4538239'),(19798,71,'35.9634408','128.453549'),(19799,71,'35.9641249','128.4532368'),(19800,71,'35.9643911','128.4530869'),(19801,71,'35.9651078','128.4526364'),(19802,71,'35.9656827','128.4521121'),(19803,71,'35.9662244','128.4515619'),(19804,71,'35.9666159','128.4510742'),(19805,71,'35.9669908','128.4505242'),(19806,71,'35.9674329','128.4497997'),(19807,71,'35.968925','128.4469496'),(19808,71,'35.9700991','128.4447366'),(19809,71,'35.9718162','128.4414619'),(19810,71,'35.9720935','128.4409395'),(19811,71,'35.9731531','128.4389468'),(19812,71,'35.9745331','128.4363334'),(19813,71,'35.9753116','128.4349961'),(19814,71,'35.9755665','128.4345621'),(19815,71,'35.9758446','128.4341594'),(19816,71,'35.9760161','128.4339119'),(19817,71,'35.976616','128.4331625'),(19818,71,'35.9766688','128.4331054'),(19819,71,'35.9768833','128.4328739'),(19820,71,'35.977096','128.4326501'),(19821,71,'35.9773233','128.4324132'),(19822,71,'35.9775533','128.4321686'),(19823,71,'35.9787061','128.4311539'),(19824,71,'35.9791588','128.4307965'),(19825,71,'35.979333','128.43065'),(19826,71,'35.9804518','128.4299554'),(19827,71,'35.9814147','128.4294875'),(19828,71,'35.9823841','128.4291062'),(19829,71,'35.9833915','128.4288374'),(19830,71,'35.9843656','128.4286558'),(19831,71,'35.9846274','128.42861'),(19832,71,'35.9871507','128.4282924'),(19833,71,'35.9897831','128.4279616'),(19834,71,'35.9911493','128.427799'),(19835,71,'35.9912242','128.4277865'),(19836,71,'35.9919497','128.4276996'),(19837,71,'35.9930408','128.4275615'),(19838,71,'35.9951495','128.4273366'),(19839,71,'35.9973992','128.4270623'),(19840,71,'35.997651','128.4270286'),(19841,71,'35.9983495','128.4269369'),(19842,71,'35.9993248','128.4268496'),(19843,71,'35.9999995','128.4267998'),(19844,71,'36.00005','128.4267993'),(19845,71,'36.0008832','128.4267746'),(19846,71,'36.0015248','128.4268121'),(19847,71,'36.0022167','128.4268868'),(19848,71,'36.0029243','128.4270116'),(19849,71,'36.0041832','128.4273237'),(19850,71,'36.0045818','128.4274304'),(19851,71,'36.0075834','128.4282012'),(19852,71,'36.0077336','128.4282396'),(19853,71,'36.008871','128.4285281'),(19854,71,'36.0132249','128.4296489'),(19855,71,'36.0146663','128.4300243'),(19856,71,'36.0153018','128.430156'),(19857,71,'36.0167711','128.4305362'),(19858,71,'36.017848','128.4307075'),(19859,71,'36.0180833','128.4307114'),(19860,71,'36.0182898','128.4307083'),(19861,71,'36.0184115','128.4307053'),(19862,71,'36.018526','128.4307033'),(19863,71,'36.0187749','128.4306996'),(19864,71,'36.0197499','128.4305246'),(19865,71,'36.020466','128.4302622'),(19866,71,'36.0210579','128.4299618'),(19867,71,'36.0213614','128.4297711'),(19868,71,'36.0217329','128.4295369'),(19869,71,'36.0218933','128.4294222'),(19870,71,'36.0220332','128.4292874'),(19871,71,'36.0226658','128.4286245'),(19872,71,'36.0230251','128.428217'),(19873,71,'36.023312','128.4278408'),(19874,71,'36.0237998','128.4270141'),(19875,71,'36.0242159','128.4261367'),(19876,71,'36.0243664','128.4256745'),(19877,71,'36.0245664','128.4249999'),(19878,71,'36.0248829','128.4234742'),(19879,71,'36.0253663','128.4210992'),(19880,71,'36.0257913','128.4194116'),(19881,71,'36.0262582','128.4181241'),(19882,71,'36.0268293','128.4168987'),(19883,71,'36.0268577','128.4168369'),(19884,71,'36.0272742','128.416137'),(19885,71,'36.0279493','128.4152125'),(19886,71,'36.0286744','128.4144617'),(19887,71,'36.0295908','128.4136998'),(19888,71,'36.030283','128.4132494'),(19889,71,'36.0313828','128.412787'),(19890,71,'36.0322744','128.412562'),(19891,71,'36.0337833','128.4123619'),(19892,71,'36.0363413','128.4120872'),(19893,71,'36.0369243','128.412014'),(19894,71,'36.0373919','128.4119373'),(19895,71,'36.0380825','128.411812'),(19896,71,'36.0393216','128.41153'),(19897,71,'36.0394579','128.4114993'),(19898,71,'36.0395302','128.4114791'),(19899,71,'36.0425823','128.4106117'),(19900,71,'36.0451328','128.4098873'),(19901,71,'36.048517','128.4088561'),(19902,71,'36.0487049','128.4087983'),(19903,71,'36.0492932','128.4086197'),(19904,71,'36.0497604','128.4084774'),(19905,71,'36.0498191','128.4084592'),(19906,71,'36.049933','128.408425'),(19907,71,'36.051325','128.4079491'),(19908,71,'36.0518','128.4077248'),(19909,71,'36.0524745','128.4073495'),(19910,71,'36.0530807','128.4069445'),(19911,71,'36.0550162','128.40565'),(19912,71,'36.0573831','128.4041749'),(19913,71,'36.0600415','128.4026497'),(19914,71,'36.0613797','128.4018933'),(19915,71,'36.0647749','128.3999744'),(19916,71,'36.0659709','128.3993018'),(19917,71,'36.0659936','128.3992887'),(19918,71,'36.0663747','128.3990743'),(19919,71,'36.0672415','128.3985378'),(19920,71,'36.0680197','128.3979204'),(19921,71,'36.0686042','128.3972774'),(19922,71,'36.0689351','128.3967937'),(19923,71,'36.0694232','128.3958975'),(19924,71,'36.0697461','128.3950305'),(19925,71,'36.0697554','128.3949951'),(19926,71,'36.069918','128.3943518'),(19927,71,'36.069993','128.3938385'),(19928,71,'36.0700377','128.3935292'),(19929,71,'36.0700672','128.3933218'),(19930,71,'36.070096','128.3926037'),(19931,71,'36.070119','128.3902364'),(19932,71,'36.0701161','128.3878366'),(19933,71,'36.0700824','128.3837352'),(19934,71,'36.070082','128.3833021'),(19935,71,'36.070079','128.3816297'),(19936,71,'36.0700772','128.3806392'),(19937,71,'36.0700746','128.3791622'),(19938,71,'36.0700537','128.3757239'),(19939,71,'36.0700525','128.375524'),(19940,71,'36.0700491','128.3749998'),(19941,71,'36.0700498','128.3748999'),(19942,71,'36.0700479','128.3747977'),(19943,71,'36.0700413','128.3744623'),(19944,71,'36.0700398','128.3742968'),(19945,71,'36.0700249','128.3727619'),(19946,71,'36.0700242','128.3724788'),(19947,71,'36.0700945','128.3721186'),(19948,71,'36.0701665','128.3710123'),(19949,71,'36.0702083','128.3703498'),(19950,71,'36.0702526','128.3698394'),(19951,71,'36.0702575','128.3697873'),(19952,71,'36.0702748','128.3696365'),(19953,71,'36.0703413','128.3694118'),(19954,71,'36.0704744','128.3692122'),(19955,71,'36.0706076','128.3691115'),(19956,71,'36.0707659','128.36905'),(19957,71,'36.0709582','128.3690121'),(19958,71,'36.0711845','128.3690079'),(19959,71,'36.0714511','128.3691641'),(19960,71,'36.0715828','128.3692744'),(19961,71,'36.0717159','128.3694491'),(19962,71,'36.0718162','128.3696623'),(19963,71,'36.071883','128.370024'),(19964,71,'36.072112','128.3712714'),(19965,71,'36.0721866','128.3716753'),(19966,71,'36.0722022','128.3717521'),(19967,71,'36.0724205','128.3727329'),(19968,71,'36.0725769','128.3732932'),(19969,71,'36.0726155','128.3734369'),(19970,71,'36.0726647','128.3736162'),(19971,71,'36.0727878','128.3739185'),(19972,71,'36.072845','128.3739902'),(19973,71,'36.0728861','128.3740418'),(19974,71,'36.073023','128.3741821'),(19975,71,'36.0730677','128.3742292'),(19976,71,'36.0733128','128.3745029'),(19977,71,'36.0733396','128.3745299'),(19978,71,'36.0737996','128.3749992'),(19979,71,'36.075308','128.3767117'),(19980,71,'36.0757166','128.3771716'),(19981,71,'36.075798','128.3772624'),(19982,71,'36.0761002','128.3776045'),(19983,71,'36.0763109','128.3778923'),(19984,71,'36.0765352','128.378279'),(19985,71,'36.0766792','128.378686'),(19986,71,'36.076703','128.3787662'),(19987,71,'36.0767231','128.3788475'),(19988,71,'36.0767458','128.378941'),(19989,71,'36.0768992','128.3796624'),(19990,71,'36.0769728','128.3799553'),(19991,71,'36.07703','128.3801481'),(19992,71,'36.0771119','128.3805366'),(19993,71,'36.0771291','128.3806489'),(19994,71,'36.0773829','128.3807117'),(19995,71,'36.0783248','128.3812242'),(19996,71,'36.0797665','128.3820744'),(19997,71,'36.0816582','128.3834994'),(19998,71,'36.082341','128.3840745'),(19999,71,'36.0825801','128.3842905'),(20000,71,'36.082915','128.384593'),(20001,71,'36.0829912','128.3846616'),(20002,71,'36.0831462','128.3847833'),(20003,71,'36.083192','128.384806'),(20004,71,'36.083308','128.3848495'),(20005,71,'36.0833331','128.3848742'),(20006,71,'36.0835603','128.3851089'),(20007,71,'36.0837381','128.3853297'),(20008,71,'36.0839372','128.3855996'),(20009,71,'36.0840739','128.3857677'),(20010,71,'36.0843179','128.3860504'),(20011,71,'36.0847051','128.3864834'),(20012,71,'36.0852499','128.3870582'),(20013,71,'36.0863166','128.3883708'),(20014,71,'36.0872831','128.3896957'),(20015,71,'36.0876742','128.3902088'),(20016,71,'36.088225','128.3908204'),(20017,71,'36.0889409','128.3915338'),(20018,71,'36.0895162','128.3920079'),(20019,71,'36.0899743','128.3923585'),(20020,71,'36.0904499','128.3926583'),(20021,71,'36.0912698','128.3930785'),(20022,71,'36.0914746','128.393183'),(20023,71,'36.0917082','128.393299'),(20024,71,'36.091958','128.3933996'),(20025,71,'36.0923338','128.3935449'),(20026,71,'36.0925362','128.3936105'),(20027,71,'36.092573','128.393622'),(20028,71,'36.092609','128.3936335'),(20029,71,'36.0927781','128.3936876'),(20030,71,'36.0934242','128.3938494'),(20031,71,'36.0937915','128.3939246'),(20032,71,'36.0945409','128.394012'),(20033,71,'36.095033','128.3940364'),(20034,71,'36.0961077','128.3940242'),(20035,71,'36.0972499','128.3939105'),(20036,71,'36.0972887','128.3939076'),(20037,71,'36.0976901','128.3938744'),(20038,71,'36.1019868','128.3935242'),(20039,71,'36.1021329','128.3935125'),(20040,71,'36.1062658','128.3931249'),(20041,71,'36.1071372','128.3930537'),(20042,71,'36.1071805','128.3930509'),(20043,71,'36.1073546','128.3930362'),(20044,71,'36.1075017','128.3930245'),(20045,71,'36.1085977','128.3929347'),(20046,71,'36.1086311','128.3929317'),(20047,71,'36.1089161','128.3929116'),(20048,71,'36.1093555','128.392871'),(20049,71,'36.109591','128.3928493'),(20050,71,'36.1099507','128.3929633'),(20051,71,'36.1101414','128.3930199'),(20052,71,'36.1102718','128.3930725'),(20053,71,'36.1104214','128.3931998'),(20054,71,'36.1105251','128.3933187'),(20055,71,'36.1106309','128.3935177'),(20056,71,'36.1107157','128.3937464'),(20057,71,'36.1107166','128.3937475'),(20058,71,'36.110857','128.3941469'),(20059,71,'36.1109759','128.3945137'),(20060,71,'36.1109742','128.3946248'),(20061,71,'36.1109916','128.3995237'),(20062,71,'36.1109812','128.4006668'),(20063,71,'36.1109794','128.4007901'),(20064,71,'36.1109744','128.401099'),(20065,71,'36.1109737','128.4011878'),(20066,71,'36.1109702','128.4016578'),(20067,71,'36.1109658','128.4022366'),(20068,71,'36.110966','128.4025743'),(20069,71,'36.1109614','128.4029376'),(20070,71,'36.1109579','128.403162'),(20071,71,'36.1109579','128.4039975'),(20072,71,'36.110958','128.4041119'),(20073,71,'36.110984','128.4060421'),(20074,71,'36.1109837','128.4065521'),(20075,71,'36.1109915','128.4099242'),(20076,71,'36.1109916','128.4102676'),(20077,71,'36.1109916','128.4102709'),(20078,71,'36.1109912','128.4104364'),(20079,71,'36.11102','128.4125811'),(20080,71,'36.1110177','128.4127611'),(20081,71,'36.1110172','128.4144854'),(20082,71,'36.1110042','128.4151186'),(20083,71,'36.1109195','128.4165364'),(20084,71,'36.1107623','128.4169223'),(20085,71,'36.1106327','128.4171375'),(20086,71,'36.1105018','128.4172737'),(20087,71,'36.1101377','128.4174917'),(20088,71,'36.1100701','128.4174931'),(20089,71,'36.109704','128.4175044'),(20090,71,'36.1094813','128.4175096'),(20091,71,'36.1091675','128.4175149'),(20092,71,'36.1090503','128.4175168'),(20093,71,'36.1083848','128.4175302'),(20094,71,'36.1083035','128.4175504'),(20095,71,'36.1078916','128.4175433'),(20096,71,'36.1075923','128.4175376'),(20097,71,'36.107485','128.4175386'),(20098,71,'36.1069559','128.4175336'),(20099,71,'36.1066592','128.417539'),(20100,71,'36.1061129','128.4175382'),(39834,4,'36.355006','127.2985098'),(39835,4,'36.3550277','127.2985733'),(39836,4,'36.3550234','127.2986447'),(39837,4,'36.3549937','127.2987283'),(39838,4,'36.3549543','127.2988477'),(39839,4,'36.3548798','127.299044'),(39840,4,'36.3550546','127.2995106'),(39841,4,'36.3550718','127.2995819'),(39842,4,'36.3550728','127.2996443'),(39843,4,'36.3550711','127.2997101'),(39844,4,'36.3550227','127.2998406'),(39845,4,'36.3550065','127.2998874'),(39846,4,'36.3549975','127.2999131'),(39847,4,'36.3549488','127.2998943'),(39848,4,'36.3549227','127.2998832'),(39849,4,'36.3547449','127.2998101'),(39850,4,'36.3546132','127.2997458'),(39851,4,'36.3543633','127.2996227'),(39852,4,'36.3542938','127.299595'),(39853,4,'36.354228','127.2995751'),(39854,4,'36.3541793','127.2995686'),(39855,4,'36.3541143','127.2995609'),(39856,4,'36.353888','127.2995504'),(39857,4,'36.3533263','127.2995128'),(39858,4,'36.3532749','127.2995218'),(39859,4,'36.3532362','127.2995398'),(39860,4,'36.3531939','127.2995833'),(39861,4,'36.3531076','127.2997151'),(39862,4,'36.3539085','127.3004932'),(39863,4,'36.3547356','127.3012323'),(39864,4,'36.354853','127.3013523'),(39865,4,'36.3550001','127.3014701'),(39866,4,'36.3552863','127.301699'),(39867,4,'36.3554506','127.3018267'),(39868,4,'36.3557186','127.301981'),(39869,4,'36.3559577','127.3021175'),(39870,4,'36.356307','127.3023105'),(39871,4,'36.356686','127.3025626'),(39872,4,'36.3570317','127.302779'),(39873,4,'36.3574163','127.3031002'),(39874,4,'36.3575426','127.3032046'),(39875,4,'36.3576393','127.3033092'),(39876,4,'36.3576628','127.3033336'),(39877,4,'36.3577404','127.3034181'),(39878,4,'36.3578695','127.303536'),(39879,4,'36.3578849','127.3035493'),(39880,4,'36.3579797','127.303636'),(39881,4,'36.3579978','127.3036527'),(39882,4,'36.3580989','127.3037472'),(39883,4,'36.3583987','127.3040284'),(39884,4,'36.3586189','127.3042118'),(39885,4,'36.3588365','127.3043784'),(39886,4,'36.3591055','127.3045828'),(39887,4,'36.3595396','127.3049117'),(39888,4,'36.3596254','127.3049739'),(39889,4,'36.3596471','127.3049894'),(39890,4,'36.3598809','127.3051772'),(39891,4,'36.3599422','127.3052172'),(39892,4,'36.3599576','127.3052283'),(39893,4,'36.3601128','127.3053516'),(39894,4,'36.3602005','127.3054807'),(39895,4,'36.3602295','127.3055642'),(39896,4,'36.3602657','127.3056812'),(39897,4,'36.3603076','127.3059374'),(39898,4,'36.3601663','127.3066121'),(39899,4,'36.359986','127.3072011'),(39900,4,'36.3599744','127.3072368'),(39901,4,'36.3596645','127.3079699'),(39902,4,'36.3596268','127.3080591'),(39903,4,'36.3595154','127.3083269'),(39904,4,'36.3594202','127.3085668'),(39905,4,'36.3592667','127.3089517'),(39906,4,'36.3592245','127.3090622'),(39907,4,'36.3590614','127.3096566'),(39908,4,'36.3589908','127.3100871'),(39909,4,'36.3589661','127.3103992'),(39910,4,'36.3589915','127.3110746'),(39911,4,'36.3590327','127.3126249'),(39912,4,'36.3590444','127.3132089'),(39913,4,'36.3590676','127.3147615'),(39914,4,'36.3591266','127.3150311'),(39915,4,'36.3591774','127.3152617'),(39916,4,'36.3591876','127.315391'),(39917,4,'36.3592331','127.3157075'),(39918,4,'36.359245','127.3157777'),(39919,4,'36.3592495','127.3158022'),(39920,4,'36.359316','127.316249'),(39921,4,'36.3593353','127.316473'),(39922,4,'36.3593995','127.3172241'),(39923,4,'36.359407','127.3173946'),(39924,4,'36.3594082','127.3175696'),(39925,4,'36.3594077','127.3178315'),(39926,4,'36.3594107','127.3180232'),(39927,4,'36.3594167','127.3184367'),(39928,4,'36.3594257','127.3190319'),(39929,4,'36.3594317','127.3193863'),(39930,4,'36.3594413','127.3197998'),(39931,4,'36.3594455','127.3202156'),(39932,4,'36.3594475','127.3203438'),(39933,4,'36.3594498','127.3206492'),(39934,4,'36.3592941','127.3208568'),(39935,4,'36.3592888','127.3208646'),(39936,4,'36.3592591','127.3209037'),(39937,4,'36.3592447','127.3209584'),(39938,4,'36.3592366','127.3209885'),(39939,4,'36.3592343','127.3211958'),(39940,4,'36.3592312','127.3215893'),(39941,4,'36.3592323','127.3217108'),(39942,4,'36.3592345','127.3219682'),(39943,4,'36.3592454','127.3220262'),(39944,4,'36.3592654','127.3221264'),(39945,4,'36.3592935','127.3222122'),(39946,4,'36.3593512','127.3222656'),(39947,4,'36.3594541','127.3223434'),(39948,4,'36.3594543','127.3224214'),(39949,4,'36.3594543','127.3224615'),(39950,4,'36.3594584','127.3234034'),(39951,4,'36.3594633','127.3236408'),(39952,4,'36.3594658','127.3241368'),(39953,4,'36.3594741','127.3248668'),(39954,4,'36.3594762','127.3250886'),(39955,4,'36.3594783','127.3253082'),(39956,4,'36.3594825','127.3256994'),(39957,4,'36.3594795','127.3260873'),(39958,4,'36.3594744','127.3262857'),(39959,4,'36.3594614','127.3267026'),(39960,4,'36.3594535','127.3268342'),(39961,4,'36.3594483','127.3269334'),(39962,4,'36.3594242','127.3271497'),(39963,4,'36.3593409','127.3275366'),(39964,4,'36.3592081','127.3279616'),(39965,4,'36.3589602','127.3285841'),(39966,4,'36.358927','127.3286767'),(39967,4,'36.3588632','127.3288551'),(39968,4,'36.3587698','127.3291084'),(39969,4,'36.3587115','127.3292957'),(39970,4,'36.3586828','127.3293872'),(39971,4,'36.3583568','127.330303'),(39972,4,'36.3579096','127.3315601'),(39973,4,'36.3578342','127.331791'),(39974,4,'36.3577134','127.3317489'),(39975,4,'36.3576683','127.3317323'),(39976,4,'36.3573598','127.3316259'),(39977,4,'36.3573183','127.3316104'),(39978,4,'36.3569827','127.3314874'),(39979,4,'36.3567293','127.3313799'),(39980,4,'36.3567076','127.3313699'),(39981,4,'36.3565245','127.3312989'),(39982,4,'36.3564375','127.3316112'),(39983,4,'36.3564231','127.3316614'),(39984,4,'36.3561549','127.3325949'),(39985,4,'36.3561083','127.3327867'),(39986,4,'36.3560186','127.3331179'),(39987,4,'36.3558859','127.3336286'),(39988,4,'36.3558554','127.3337524'),(39989,4,'36.3558464','127.3337881'),(39990,4,'36.3558276','127.3338584'),(39991,4,'36.3557666','127.334087'),(39992,4,'36.355641','127.3345364'),(39993,4,'36.355441','127.3352747'),(39994,4,'36.3554105','127.3354052'),(39995,4,'36.3553415','127.3356739'),(39996,4,'36.3552491','127.3360374'),(39997,4,'36.3551137','127.3365515'),(39998,4,'36.3550823','127.3366709'),(39999,4,'36.3550626','127.3367467'),(40000,4,'36.3550321','127.3368805'),(40001,4,'36.3548833','127.3374871'),(40002,4,'36.3546833','127.3382867'),(40003,4,'36.3544813','127.3389346'),(40004,4,'36.3544301','127.3390908'),(40005,4,'36.3543853','127.339228'),(40006,4,'36.3542838','127.3395726'),(40007,4,'36.3542641','127.3396484'),(40008,4,'36.3540326','127.3404625'),(40009,4,'36.3538764','127.3409956'),(40010,4,'36.3537795','127.3413'),(40011,4,'36.3537094','127.341513'),(40012,4,'36.354155','127.3416659'),(40013,4,'36.3541848','127.3416759'),(40014,4,'36.3543444','127.3417269'),(40015,4,'36.3551489','127.3419493'),(40016,4,'36.3553247','127.3419991'),(40017,4,'36.3554988','127.3420589'),(40018,4,'36.3556332','127.3421088'),(40019,4,'36.3557369','127.3421487'),(40020,4,'36.3562159','127.3423372'),(40021,4,'36.3569916','127.3426366'),(40022,4,'36.3570909','127.3426832'),(40023,4,'36.3573326','127.3427875'),(40024,4,'36.3576339','127.3429017'),(40025,4,'36.3578576','127.342987'),(40026,4,'36.3579757','127.3430358'),(40027,4,'36.3586414','127.343312'),(40028,4,'36.3586965','127.3433342'),(40029,4,'36.3589499','127.3434374'),(40030,4,'36.3592124','127.3435338'),(40031,4,'36.3593748','127.3435993'),(40032,4,'36.3594523','127.3436314'),(40033,4,'36.3595245','127.3436625'),(40034,4,'36.3595985','127.3436891'),(40035,4,'36.3601478','127.3438831'),(40036,4,'36.3602831','127.3439374'),(40037,4,'36.3606691','127.3440827'),(40038,4,'36.3607909','127.3441248'),(40039,4,'36.3611444','127.34426'),(40040,4,'36.3616081','127.3444375'),(40041,4,'36.3617481','127.3446891'),(40042,4,'36.3617798','127.3447559'),(40043,4,'36.3617952','127.3448361'),(40044,4,'36.3617989','127.3449164'),(40045,4,'36.3617846','127.3449967'),(40046,4,'36.3617721','127.3450803'),(40047,4,'36.361728','127.3451729'),(40048,4,'36.3616687','127.3452912'),(40049,4,'36.3616669','127.3452967'),(40050,4,'36.3613686','127.3461121'),(40051,4,'36.3613623','127.3461289'),(40052,4,'36.3610425','127.3470034'),(40053,4,'36.3607991','127.347686'),(40054,4,'36.3607912','127.3478588'),(40055,4,'36.3605091','127.3486262'),(40056,4,'36.3604578','127.3487623'),(40057,4,'36.3601992','127.3495865'),(40058,4,'36.3600997','127.350037'),(40059,4,'36.3600245','127.3504117'),(40060,4,'36.3599075','127.3512991'),(40061,4,'36.3598879','127.3514886'),(40062,4,'36.3598469','127.3518911'),(40063,4,'36.3596647','127.3532803'),(40064,4,'36.3596549','127.3533605'),(40065,4,'36.3596442','127.3534386'),(40066,4,'36.3596325','127.3535122'),(40067,4,'36.3596085','127.353724'),(40068,4,'36.3594907','127.3547385'),(40069,4,'36.3593997','127.3555245'),(40070,4,'36.3592405','127.3565959'),(40071,4,'36.3592266','127.3569928'),(40072,4,'36.3592125','127.3572614'),(40073,4,'36.3591901','127.357374'),(40074,4,'36.3591775','127.3574454'),(40075,4,'36.3591319','127.3577821'),(40076,4,'36.3590006','127.3587386'),(40077,4,'36.3588897','127.3595514'),(40078,4,'36.3588477','127.3598558'),(40079,4,'36.3588191','127.3600698'),(40080,4,'36.3587878','127.3602761'),(40081,4,'36.358769','127.3603954'),(40082,4,'36.3587387','127.3606696'),(40083,4,'36.3587298','127.3607532'),(40084,4,'36.3587262','127.3608045'),(40085,4,'36.3587173','127.3609004'),(40086,4,'36.3587102','127.3609918'),(40087,4,'36.3586827','127.3613619'),(40088,4,'36.3585915','127.362062'),(40089,4,'36.358554','127.3623296'),(40090,4,'36.3585272','127.3625247'),(40091,4,'36.358469','127.3629361'),(40092,4,'36.3583939','127.3634846'),(40093,4,'36.3583599','127.363731'),(40094,4,'36.3583331','127.3639294'),(40095,4,'36.3583099','127.3641067'),(40096,4,'36.3582527','127.3645504'),(40097,4,'36.358158','127.3653118'),(40098,4,'36.3581517','127.3653743'),(40099,4,'36.3580341','127.3657345'),(40100,4,'36.3580323','127.3657646'),(40101,4,'36.3580269','127.3658081'),(40102,4,'36.358026','127.3658125'),(40103,4,'36.3580037','127.3659976'),(40104,4,'36.357976','127.3662261'),(40105,4,'36.3579242','127.3666498'),(40106,4,'36.3578787','127.3670477'),(40107,4,'36.3577804','127.3679028'),(40108,4,'36.3577581','127.3680979'),(40109,4,'36.3577421','127.3682506'),(40110,4,'36.3577331','127.368332'),(40111,4,'36.3577242','127.3684123'),(40112,4,'36.3577244','127.3686174'),(40113,4,'36.3577254','127.368672'),(40114,4,'36.3577264','127.3687344'),(40115,4,'36.3577282','127.3688157'),(40116,4,'36.3577256','127.3689049'),(40117,4,'36.3577239','127.3689863'),(40118,4,'36.3577256','127.3696472'),(40119,4,'36.3577242','127.3708633'),(40120,4,'36.3577271','127.371094'),(40121,4,'36.3577292','127.3713169'),(40122,4,'36.3577332','127.3717126'),(40123,4,'36.3577298','127.3727313'),(40124,4,'36.3577284','127.3739529'),(40125,4,'36.3577241','127.3741524'),(40126,4,'36.3577242','127.3743118'),(40127,4,'36.3577208','127.3744857'),(40128,4,'36.357721','127.3746217'),(40129,4,'36.3577193','127.3748011'),(40130,4,'36.3577159','127.3749995'),(40131,4,'36.357707','127.3759146'),(40132,4,'36.3576577','127.3761989'),(40133,4,'36.3576581','127.3766124'),(40134,4,'36.3576557','127.3768889'),(40135,4,'36.3576509','127.3774584'),(40136,4,'36.3576475','127.3776535'),(40137,4,'36.3576399','127.3782308'),(40138,4,'36.3576333','127.378787'),(40139,4,'36.3576219','127.379069'),(40140,4,'36.3576149','127.3792686'),(40141,4,'36.3576149','127.3793633'),(40142,4,'36.3576141','127.3794179'),(40143,4,'36.3576132','127.3794502'),(40144,4,'36.3576135','127.3796932'),(40145,4,'36.3576163','127.3798247'),(40146,4,'36.3576164','127.3798671'),(40147,4,'36.3576162','127.3805671'),(40148,4,'36.3576163','127.3806607'),(40149,4,'36.3576163','127.3815813'),(40150,4,'36.3576165','127.3818622'),(40151,4,'36.3576434','127.3826234'),(40152,4,'36.3576471','127.3827193'),(40153,4,'36.3576573','127.3830068'),(40154,4,'36.3577314','127.3831305'),(40155,4,'36.3577323','127.3831873'),(40156,4,'36.3577315','127.3832475'),(40157,4,'36.3577307','127.3833712'),(40158,4,'36.3577264','127.384507'),(40159,4,'36.3577266','127.3846485'),(40160,4,'36.3577232','127.3849261'),(40161,4,'36.3577198','127.3850799'),(40162,4,'36.3577226','127.3852448'),(40163,4,'36.3577175','127.3864508'),(40164,4,'36.3577176','127.3865701'),(40165,4,'36.357716','127.3867741'),(40166,4,'36.3577171','127.3870026'),(40167,4,'36.3577076','127.3884371'),(40168,4,'36.3577215','127.3898069'),(40169,4,'36.3577245','127.3900911'),(40170,4,'36.3577245','127.3901613'),(40171,4,'36.3577246','127.3902115'),(40172,4,'36.3577247','127.3902951'),(40173,4,'36.3577248','127.3904266'),(40174,4,'36.3577205','127.3906807'),(40175,4,'36.3576951','127.3925354'),(40176,4,'36.3576826','127.3936021'),(40177,4,'36.3576829','127.3950433'),(40178,4,'36.3576829','127.3950477'),(40179,4,'36.3576831','127.3952417'),(40180,4,'36.3576833','127.3954891'),(40181,4,'36.3576834','127.3955114'),(40182,4,'36.3576898','127.3966561'),(40183,4,'36.3576909','127.3969247'),(40184,4,'36.3576911','127.3971365'),(40185,4,'36.3576921','127.3973126'),(40186,4,'36.3576932','127.3975166'),(40187,4,'36.3576995','127.3995997'),(40188,4,'36.3576856','127.4003086'),(40189,4,'36.357675','127.4005048'),(40190,4,'36.3576653','127.4007712'),(40191,4,'36.3576385','127.4010844'),(40192,4,'36.3576358','127.4011201'),(40193,4,'36.3576026','127.4013208'),(40194,4,'36.3575874','127.40141'),(40195,4,'36.3574039','127.4018883'),(40196,4,'36.3573769','127.4020266'),(40197,4,'36.3568966','127.4045082'),(40198,4,'36.3568841','127.4045696'),(40199,4,'36.3568149','127.4049285'),(40200,4,'36.356797','127.4050657'),(40201,4,'36.3567881','127.4051782'),(40202,4,'36.3567854','127.4052173'),(40203,4,'36.3567918','127.4053287'),(40204,4,'36.3568018','127.4054323'),(40205,4,'36.3568127','127.4055371'),(40206,4,'36.3568742','127.4058491'),(40207,4,'36.3569565','127.4061488'),(40208,4,'36.3569692','127.4061945'),(40209,4,'36.3571075','127.4067115'),(40210,4,'36.3574665','127.4081322'),(40211,4,'36.3574837','127.4082002'),(40212,4,'36.3575108','127.4083038'),(40213,4,'36.3575976','127.4085879'),(40214,4,'36.3576491','127.4087874'),(40215,4,'36.3579601','127.4099139'),(40216,4,'36.3580425','127.4102994'),(40217,4,'36.3580624','127.4104343'),(40218,4,'36.3580987','127.4107474'),(40219,4,'36.3581405','127.4112278'),(40220,4,'36.3581933','127.4118474'),(40221,4,'36.3582242','127.4121996'),(40222,4,'36.3582415','127.412418'),(40223,4,'36.3582551','127.4125975'),(40224,4,'36.3583351','127.4135114'),(40225,4,'36.358357','127.4138156'),(40226,4,'36.3583998','127.4143996'),(40227,4,'36.3584198','127.4146259'),(40228,4,'36.3584779','127.41525'),(40229,4,'36.3584843','127.4153403'),(40230,4,'36.3584852','127.4153514'),(40231,4,'36.3584916','127.415425'),(40232,4,'36.3584203','127.415405'),(40233,4,'36.3583743','127.4153928'),(40234,4,'36.3578766','127.4152818'),(40235,4,'36.3577522','127.4152508'),(40236,4,'36.3575511','127.4151997'),(40237,4,'36.3570137','127.4150621'),(40238,4,'36.3569325','127.4150443'),(40239,4,'36.3568261','127.4150277'),(40240,4,'36.3567152','127.4150178'),(40241,4,'36.3565872','127.4150113'),(40242,4,'36.3564502','127.4150059'),(40243,4,'36.3555414','127.4150202'),(40244,4,'36.3554161','127.4150326'),(40245,4,'36.35464','127.4151282'),(40246,4,'36.3543831','127.4151619'),(40247,4,'36.3542848','127.4151776'),(40248,4,'36.3540576','127.4152124'),(40249,4,'36.3537908','127.4152495'),(40250,4,'36.3536664','127.4152619'),(40251,4,'36.3535519','127.4152743'),(40252,4,'36.3534248','127.4152867'),(40253,4,'36.3524188','127.4154081'),(40254,4,'36.3514497','127.415524'),(40255,4,'36.3512478','127.4155587'),(40256,4,'36.3504915','127.4156743'),(40257,4,'36.3495161','127.4157746'),(40258,4,'36.3491546','127.4158207'),(40259,4,'36.3488941','127.4158544'),(40260,4,'36.3486101','127.4158915'),(40261,4,'36.3485822','127.4158915'),(40262,4,'36.3483','127.4158907'),(40263,4,'36.3481351','127.4160747'),(40264,4,'36.3479811','127.4162499'),(40265,4,'36.3478532','127.4164094'),(40266,4,'36.3473073','127.4170307'),(40267,4,'36.3472334','127.4171144'),(40268,4,'36.3470577','127.4173241'),(40269,4,'36.3469956','127.4174044'),(40270,4,'36.3464524','127.4180903'),(40271,4,'36.346266','127.4183246'),(40272,4,'36.3461876','127.4184249'),(40273,4,'36.3460408','127.4186123'),(40274,4,'36.3456697','127.4191264'),(40275,4,'36.3454409','127.4194242'),(40276,4,'36.3454103','127.4194655'),(40277,4,'36.3452842','127.4196306'),(40278,4,'36.3451076','127.4198614'),(40279,4,'36.3447572','127.4203176'),(40280,4,'36.3447158','127.4203722'),(40281,4,'36.3446528','127.4204648'),(40282,4,'36.3445258','127.4206365'),(40283,4,'36.3444312','127.4207659'),(40284,4,'36.3444078','127.4207994'),(40285,4,'36.3444042','127.4208049'),(40286,4,'36.3443663','127.4208618'),(40287,4,'36.3442997','127.4209622'),(40288,4,'36.3442727','127.4210001'),(40289,4,'36.3440745','127.4212744'),(40290,4,'36.3438511','127.4215867'),(40291,4,'36.3435179','127.4220517'),(40292,4,'36.343417','127.4221922'),(40293,4,'36.3433494','127.422287'),(40294,4,'36.3431495','127.4225625'),(40295,4,'36.3430063','127.4227699'),(40296,4,'36.3429225','127.4228948'),(40297,4,'36.3429108','127.4229149'),(40298,4,'36.3427883','127.4230988'),(40299,4,'36.3427388','127.4231691'),(40300,4,'36.3426361','127.4233297'),(40301,4,'36.3425919','127.4233955'),(40302,4,'36.3424352','127.4236007'),(40303,4,'36.3424994','127.4239182'),(40304,4,'36.3426186','127.4242379'),(40305,4,'36.3426828','127.4244451'),(40306,4,'36.3432853','127.426388'),(40307,4,'36.3435174','127.4270821'),(40308,4,'36.343586','127.4272391'),(40309,4,'36.343725','127.4275087'),(40310,4,'36.3439164','127.4278105'),(40311,4,'36.3442213','127.4282192'),(40312,4,'36.3443188','127.4283395'),(40313,4,'36.3443864','127.4284163'),(40314,4,'36.3446552','127.4285899'),(40315,4,'36.3455384','127.4296244'),(40316,4,'36.3457577','127.4299117'),(40317,4,'36.3458443','127.4300153'),(40318,4,'36.3458876','127.4300676'),(40319,4,'36.3458885','127.4300688'),(40320,4,'36.3459615','127.4301567'),(40321,4,'36.3463829','127.4306623'),(40322,4,'36.3468935','127.4313082'),(40323,4,'36.3469161','127.4313372'),(40324,4,'36.3470793','127.4315265'),(40325,4,'36.3472932','127.4317826'),(40326,4,'36.3473545','127.4318862'),(40327,4,'36.3474619','127.4320678'),(40328,4,'36.347552','127.4320331'),(40329,4,'36.3476341','127.4320041'),(40330,4,'36.3476611','127.432003'),(43022,70,'37.500876','127.0373829'),(43023,70,'37.5009756','127.0377319'),(43024,70,'37.5011116','127.0381609'),(43025,70,'37.5011992','127.0384364'),(43026,70,'37.5014676','127.0393206'),(44631,82,'36.3344579','127.3088429'),(44632,82,'36.3344291','127.3088586'),(44633,82,'36.3344174','127.3088921'),(44634,82,'36.3344157','127.3089199'),(44635,82,'36.3344202','127.3089556'),(44636,82,'36.3344419','127.3089934'),(44637,82,'36.3346215','127.3090988'),(44638,82,'36.3346423','127.3091099'),(44639,82,'36.3347775','127.3091241'),(44640,82,'36.3348551','127.3091718'),(44641,82,'36.3349454','127.3092284'),(44642,82,'36.3349941','127.3092606'),(44643,82,'36.3350564','127.3093017'),(44644,82,'36.3353298','127.3094737'),(44645,82,'36.3353488','127.3094859'),(44646,82,'36.3353975','127.3095148'),(44647,82,'36.335643','127.3096769'),(44648,82,'36.3356619','127.3096891'),(44649,82,'36.3357116','127.3097246'),(44650,82,'36.3359769','127.3098933'),(44651,82,'36.3360563','127.3099433'),(44652,82,'36.3361808','127.310021'),(44653,82,'36.3362666','127.3100787'),(44654,82,'36.3363758','127.3101453'),(44655,82,'36.3368766','127.3104594'),(44656,82,'36.3369073','127.3104794'),(44657,82,'36.3374334','127.3108069'),(44658,82,'36.3375399','127.3108802'),(44659,82,'36.3376428','127.3109423'),(44660,82,'36.3382339','127.3113131'),(44661,82,'36.3382637','127.311333'),(44662,82,'36.3382971','127.3113541'),(44663,82,'36.3385082','127.3114885'),(44664,82,'36.3388674','127.3117249'),(44665,82,'36.3390254','127.3118226'),(44666,82,'36.3390478','127.3117713'),(44667,82,'36.3391134','127.3116196'),(44668,82,'36.3391592','127.3115092'),(44669,82,'36.3392831','127.3111991'),(44670,82,'36.3395741','127.3104986'),(44671,82,'36.3395813','127.310483'),(44672,82,'36.3399118','127.3097111'),(44673,82,'36.3399729','127.3095627'),(44674,82,'36.3400546','127.3093753'),(44675,82,'36.3401409','127.3091745'),(44676,82,'36.3402972','127.3088097'),(44677,82,'36.3403493','127.308687'),(44678,82,'36.3405244','127.3082487'),(44679,82,'36.3406806','127.3078772'),(44680,82,'36.3408082','127.3075738'),(44681,82,'36.3408423','127.3074912'),(44682,82,'36.3409258','127.3072838'),(44683,82,'36.3412401','127.3065252'),(44684,82,'36.3414906','127.3059139'),(44685,82,'36.3415957','127.305673'),(44686,82,'36.3417296','127.3054197'),(44687,82,'36.3418537','127.3052121'),(44688,82,'36.3418843','127.3051619'),(44689,82,'36.342341','127.304374'),(44690,82,'36.3424912','127.3041619'),(44691,82,'36.3425623','127.3040826'),(44692,82,'36.3426424','127.3039921'),(44693,82,'36.3426829','127.3039497'),(44694,82,'36.3427342','127.3038938'),(44695,82,'36.3427477','127.3038793'),(44696,82,'36.3428341','127.3037832'),(44697,82,'36.3429583','127.3036492'),(44698,82,'36.3436948','127.3030957'),(44699,82,'36.3442387','127.3026865'),(44700,82,'36.3443899','127.3025669'),(44701,82,'36.344434','127.3025344'),(44702,82,'36.3448293','127.302247'),(44703,82,'36.3449464','127.3021632'),(44704,82,'36.3450247','127.3021072'),(44705,82,'36.345647','127.3016688'),(44706,82,'36.3457046','127.3016208'),(44707,82,'36.3457649','127.3015738'),(44708,82,'36.3458829','127.3014921'),(44709,82,'36.3459909','127.3014116'),(44710,82,'36.3460063','127.3014004'),(44711,82,'36.3462413','127.3012249'),(44712,82,'36.3464636','127.3010382'),(44713,82,'36.3465249','127.3009868'),(44714,82,'36.3467832','127.3007365'),(44715,82,'36.3470577','127.3004494'),(44716,82,'36.3472134','127.3002796'),(44717,82,'36.3473123','127.3001712'),(44718,82,'36.3473474','127.300131'),(44719,82,'36.347414','127.3000629'),(44720,82,'36.3475554','127.2999299'),(44721,82,'36.3476616','127.2998249'),(44722,82,'36.3476742','127.2998115'),(44723,82,'36.3478325','127.299625'),(44724,82,'36.3479495','127.2994742'),(44725,82,'36.348158','127.2991115'),(44726,82,'36.3482577','127.2988995'),(44727,82,'36.348316','127.2987243'),(44728,82,'36.3483904','127.2984745'),(44729,82,'36.3484137','127.2983976'),(44730,82,'36.3484326','127.2983228'),(44731,82,'36.3484729','127.298199'),(44732,82,'36.3484828','127.2981622'),(44733,82,'36.3488556','127.2968774'),(44734,82,'36.3489256','127.2966521'),(44735,82,'36.3489695','127.2965038'),(44736,82,'36.3491734','127.2966046'),(44737,82,'36.3493836','127.296691'),(44738,82,'36.3499583','127.2969425'),(44739,82,'36.350017','127.2969691'),(44740,82,'36.3500549','127.2969891'),(44741,82,'36.3505043','127.2972643'),(44742,82,'36.3507119','127.2973953'),(44743,82,'36.3508626','127.2975086'),(44744,82,'36.350915','127.2975474'),(44745,82,'36.3509385','127.2975652'),(44746,82,'36.3511614','127.2977407'),(44747,82,'36.3513519','127.2979041'),(44748,82,'36.3515895','127.2981475'),(44749,82,'36.3516924','127.2982542'),(44750,82,'36.3528782','127.299476'),(44751,82,'36.352964','127.299565'),(44752,82,'36.3531076','127.2997151'),(44753,82,'36.3531939','127.2995833'),(44754,82,'36.3532362','127.2995398'),(44755,82,'36.3532749','127.2995218'),(44756,82,'36.3533263','127.2995128'),(44757,82,'36.353888','127.2995504'),(44758,82,'36.3541143','127.2995609'),(44759,82,'36.3541793','127.2995686'),(44760,82,'36.354228','127.2995751'),(44761,82,'36.3542938','127.299595'),(44762,82,'36.3543633','127.2996227'),(44763,82,'36.3546132','127.2997458'),(44764,82,'36.3547449','127.2998101'),(44765,82,'36.3547314','127.2998335'),(44766,82,'36.3547027','127.299886'),(44767,82,'36.3544546','127.3003324'),(44768,82,'36.3544502','127.3003815'),(44769,82,'36.3545676','127.3004871'),(44770,82,'36.3548903','127.299939'),(49489,79,'36.3549319','127.298422'),(49490,79,'36.3549563','127.2984353'),(49491,79,'36.3549997','127.2984909'),(49492,79,'36.3550277','127.2985733'),(49493,79,'36.3550234','127.2986447'),(49494,79,'36.3549937','127.2987283'),(49495,79,'36.3549543','127.2988477'),(49496,79,'36.3548798','127.299044'),(49497,79,'36.3550546','127.2995106'),(49498,79,'36.3550718','127.2995819'),(49499,79,'36.3550728','127.2996443'),(49500,79,'36.3550711','127.2997101'),(49501,79,'36.3550227','127.2998406'),(49502,79,'36.3550065','127.2998874'),(49503,79,'36.3549975','127.2999131'),(49504,79,'36.3549488','127.2998943'),(49505,79,'36.3549227','127.2998832'),(49506,79,'36.3547449','127.2998101'),(49507,79,'36.3546132','127.2997458'),(49508,79,'36.3543633','127.2996227'),(49509,79,'36.3542938','127.299595'),(49510,79,'36.354228','127.2995751'),(49511,79,'36.3541793','127.2995686'),(49512,79,'36.3541143','127.2995609'),(49513,79,'36.353888','127.2995504'),(49514,79,'36.3533263','127.2995128'),(49515,79,'36.3532749','127.2995218'),(49516,79,'36.3532362','127.2995398'),(49517,79,'36.3531939','127.2995833'),(49518,79,'36.3531076','127.2997151'),(49519,79,'36.3539085','127.3004932'),(49520,79,'36.3547356','127.3012323'),(49521,79,'36.354853','127.3013523'),(49522,79,'36.3550001','127.3014701'),(49523,79,'36.3552863','127.301699'),(49524,79,'36.3554506','127.3018267'),(49525,79,'36.3557186','127.301981'),(49526,79,'36.3559577','127.3021175'),(49527,79,'36.356307','127.3023105'),(49528,79,'36.356686','127.3025626'),(49529,79,'36.3570317','127.302779'),(49530,79,'36.3574163','127.3031002'),(49531,79,'36.3575426','127.3032046'),(49532,79,'36.3576393','127.3033092'),(49533,79,'36.3576628','127.3033336'),(49534,79,'36.3577404','127.3034181'),(49535,79,'36.3578695','127.303536'),(49536,79,'36.3578849','127.3035493'),(49537,79,'36.3579797','127.303636'),(49538,79,'36.3579978','127.3036527'),(49539,79,'36.3583987','127.3040284'),(49540,79,'36.3586189','127.3042118'),(49541,79,'36.3588365','127.3043784'),(49542,79,'36.3591055','127.3045828'),(49543,79,'36.3595396','127.3049117'),(49544,79,'36.3596254','127.3049739'),(49545,79,'36.3596471','127.3049894'),(49546,79,'36.3598809','127.3051772'),(49547,79,'36.3599422','127.3052172'),(49548,79,'36.3599576','127.3052283'),(49549,79,'36.3601128','127.3053516'),(49550,79,'36.3602005','127.3054807'),(49551,79,'36.3602295','127.3055642'),(49552,79,'36.3602657','127.3056812'),(49553,79,'36.3603076','127.3059374'),(49554,79,'36.3601663','127.3066121'),(49555,79,'36.359986','127.3072011'),(49556,79,'36.3599744','127.3072368'),(49557,79,'36.3596645','127.3079699'),(49558,79,'36.3596268','127.3080591'),(49559,79,'36.3595154','127.3083269'),(49560,79,'36.3594202','127.3085668'),(49561,79,'36.3592667','127.3089517'),(49562,79,'36.3592245','127.3090622'),(49563,79,'36.3590614','127.3096566'),(49564,79,'36.3589908','127.3100871'),(49565,79,'36.3589661','127.3103992'),(49566,79,'36.3589915','127.3110746'),(49567,79,'36.3590327','127.3126249'),(49568,79,'36.3590444','127.3132089'),(49569,79,'36.3590676','127.3147615'),(49570,79,'36.3591266','127.3150311'),(49571,79,'36.3591774','127.3152617'),(49572,79,'36.3591876','127.315391'),(49573,79,'36.3592331','127.3157075'),(49574,79,'36.359245','127.3157777'),(49575,79,'36.3592495','127.3158022'),(49576,79,'36.359316','127.316249'),(49577,79,'36.3593353','127.316473'),(49578,79,'36.3593995','127.3172241'),(49579,79,'36.359407','127.3173946'),(49580,79,'36.3594082','127.3175696'),(49581,79,'36.3594077','127.3178315'),(49582,79,'36.3594107','127.3180232'),(49583,79,'36.3594167','127.3184367'),(49584,79,'36.3594257','127.3190319'),(49585,79,'36.3594317','127.3193863'),(49586,79,'36.3594413','127.3197998'),(49587,79,'36.3594455','127.3202156'),(49588,79,'36.3594475','127.3203438'),(49589,79,'36.3594498','127.3206492'),(49590,79,'36.3594495','127.3210616'),(49591,79,'36.3594413','127.3215743'),(49592,79,'36.3594541','127.3223434'),(49593,79,'36.3594543','127.3224214'),(49594,79,'36.3594543','127.3224615'),(49595,79,'36.3594584','127.3234034'),(49596,79,'36.3594633','127.3236408'),(49597,79,'36.3594658','127.3241368'),(49598,79,'36.3594741','127.3248668'),(49599,79,'36.3594762','127.3250886'),(49600,79,'36.3594783','127.3253082'),(49601,79,'36.3594825','127.3256994'),(49602,79,'36.3594795','127.3260873'),(49603,79,'36.3594744','127.3262857'),(49604,79,'36.3594614','127.3267026'),(49605,79,'36.3594535','127.3268342'),(49606,79,'36.3594483','127.3269334'),(49607,79,'36.3594242','127.3271497'),(49608,79,'36.3593409','127.3275366'),(49609,79,'36.3592081','127.3279616'),(49610,79,'36.3589602','127.3285841'),(49611,79,'36.358927','127.3286767'),(49612,79,'36.3588632','127.3288551'),(49613,79,'36.3587698','127.3291084'),(49614,79,'36.3587115','127.3292957'),(49615,79,'36.3586828','127.3293872'),(49616,79,'36.3583568','127.330303'),(49617,79,'36.3579096','127.3315601'),(49618,79,'36.3578342','127.331791'),(49619,79,'36.3577134','127.3317489'),(49620,79,'36.3576683','127.3317323'),(49621,79,'36.3573598','127.3316259'),(49622,79,'36.3573183','127.3316104'),(49623,79,'36.3569827','127.3314874'),(49624,79,'36.3567293','127.3313799'),(49625,79,'36.3567076','127.3313699'),(49626,79,'36.3565245','127.3312989'),(49627,79,'36.3564231','127.3316614'),(49628,79,'36.3561549','127.3325949'),(49629,79,'36.3561083','127.3327867'),(49630,79,'36.3560186','127.3331179'),(49631,79,'36.3558859','127.3336286'),(49632,79,'36.3558554','127.3337524'),(49633,79,'36.3558464','127.3337881'),(49634,79,'36.3558276','127.3338584'),(49635,79,'36.3557666','127.334087'),(49636,79,'36.355641','127.3345364'),(49637,79,'36.355441','127.3352747'),(49638,79,'36.3554105','127.3354052'),(49639,79,'36.3553415','127.3356739'),(49640,79,'36.3552491','127.3360374'),(49641,79,'36.3551137','127.3365515'),(49642,79,'36.3550823','127.3366709'),(49643,79,'36.3550626','127.3367467'),(49644,79,'36.3550321','127.3368805'),(49645,79,'36.3548833','127.3374871'),(49646,79,'36.3546833','127.3382867'),(49647,79,'36.3544813','127.3389346'),(49648,79,'36.3544301','127.3390908'),(49649,79,'36.3543853','127.339228'),(49650,79,'36.3542838','127.3395726'),(49651,79,'36.3542641','127.3396484'),(49652,79,'36.3540326','127.3404625'),(49653,79,'36.3539132','127.3408695'),(49654,79,'36.3538764','127.3409956'),(49655,79,'36.3537795','127.3413'),(49656,79,'36.3537094','127.341513'),(49657,79,'36.3536942','127.3415632'),(49658,79,'36.3536798','127.3416101'),(49659,79,'36.3534892','127.3420095'),(49660,79,'36.3534569','127.3420697'),(49661,79,'36.3530432','127.3435607'),(49662,79,'36.3526654','127.3449211'),(49663,79,'36.3526206','127.3450851'),(49664,79,'36.3523872','127.345908'),(49665,79,'36.3523774','127.3459437'),(49666,79,'36.3523477','127.3460396'),(49667,79,'36.3522993','127.3461991'),(49668,79,'36.3521485','127.34677'),(49669,79,'36.3519045','127.3476877'),(49670,79,'36.351874','127.3478093'),(49671,79,'36.3518551','127.3478784'),(49672,79,'36.3518327','127.3479598'),(49673,79,'36.351795','127.3480992'),(49674,79,'36.3517699','127.3481906'),(49675,79,'36.3516851','127.3481774'),(49676,79,'36.3516292','127.3481686'),(49677,79,'36.3513308','127.3481391'),(49678,79,'36.3510576','127.3481118'),(49679,79,'36.3508808','127.3480965'),(49680,79,'36.3505418','127.3480715'),(49681,79,'36.3489766','127.3479743'),(49682,79,'36.3487774','127.3479602'),(49683,79,'36.3485403','127.3479439'),(49684,79,'36.3480281','127.3479159'),(49685,79,'36.3478812','127.3479029'),(49686,79,'36.347672','127.3478843'),(49687,79,'36.3472888','127.3478316'),(49688,79,'36.3468929','127.3477588'),(49689,79,'36.3464844','127.3476604'),(49690,79,'36.3464348','127.3476471'),(49691,79,'36.3461029','127.3475586'),(49692,79,'36.3453282','127.3473495'),(49693,79,'36.3448349','127.3472167'),(49694,79,'36.3446284','127.3471714'),(49695,79,'36.3443425','127.3471096'),(49696,79,'36.3442731','127.3470952'),(49697,79,'36.3442118','127.347082'),(49698,79,'36.3441658','127.3470721'),(49699,79,'36.3438808','127.347028'),(49700,79,'36.3436266','127.3470096'),(49701,79,'36.3432344','127.3470104'),(49702,79,'36.3431758','127.3470105'),(49703,79,'36.3430875','127.3470173'),(49704,79,'36.3429658','127.3470365'),(49705,79,'36.3422222','127.347214'),(49706,79,'36.3420249','127.3472779'),(49707,79,'36.3419357','127.3473149'),(49708,79,'36.3418528','127.3473496'),(49709,79,'36.3412833','127.3475992'),(49710,79,'36.3411554','127.3476674'),(49711,79,'36.339822','127.3483632'),(49712,79,'36.339558','127.3484874'),(49713,79,'36.3393462','127.3485858'),(49714,79,'36.3392562','127.3486384'),(49715,79,'36.3390282','127.3487625'),(49716,79,'36.3380507','127.3492948'),(49717,79,'36.3380021','127.3493216'),(49718,79,'36.337574','127.3494618'),(49719,79,'36.3375172','127.3494752'),(49720,79,'36.3370954','127.349544'),(49721,79,'36.3369286','127.3495555'),(49722,79,'36.3366446','127.3495516'),(49723,79,'36.3363201','127.3495377'),(49724,79,'36.3361208','127.3495281'),(49725,79,'36.3357294','127.349443'),(49726,79,'36.3343873','127.3489141'),(49727,79,'36.3343602','127.348903'),(49728,79,'36.3336035','127.3486415'),(49729,79,'36.3333329','127.3485373'),(49730,79,'36.333','127.3483842'),(49731,79,'36.3324489','127.3481245'),(49732,79,'36.3324056','127.3481123'),(49733,79,'36.3323677','127.3481046'),(49734,79,'36.3323154','127.348098'),(49735,79,'36.3321026','127.3480806'),(49736,79,'36.3320503','127.3480763'),(49737,79,'36.3320143','127.3480752'),(49738,79,'36.3318619','127.3480711'),(49739,79,'36.3315247','127.348065'),(49740,79,'36.3302436','127.3480709'),(49741,79,'36.3286776','127.3480583'),(49742,79,'36.3280078','127.3480518'),(49743,79,'36.3259549','127.3480112'),(49744,79,'36.3258864','127.3480102'),(49745,79,'36.3256493','127.3479962'),(49746,79,'36.3254635','127.347991'),(49747,79,'36.3253644','127.3479901'),(49748,79,'36.3243564','127.3479698'),(49749,79,'36.3234675','127.3479581'),(49750,79,'36.321054','127.3479383'),(49751,79,'36.3209323','127.3479363'),(49752,79,'36.3208998','127.3479364'),(49753,79,'36.3207574','127.3479378'),(49754,79,'36.3192734','127.3479328'),(49755,79,'36.3192707','127.3479328'),(49756,79,'36.3188083','127.3479415'),(49757,79,'36.3186334','127.3479396'),(49758,79,'36.3185901','127.3479386'),(49759,79,'36.3184008','127.3479401'),(49760,79,'36.3182628','127.3479471'),(49761,79,'36.31785','127.3479991'),(49762,79,'36.3175868','127.3480486'),(49763,79,'36.317548','127.3480554'),(49764,79,'36.317384','127.3481014'),(49765,79,'36.3171695','127.3481709'),(49766,79,'36.3171506','127.3481776'),(49767,79,'36.3169308','127.348266'),(49768,79,'36.3168307','127.3483097'),(49769,79,'36.316','127.3486689'),(49770,79,'36.315872','127.3487248'),(49771,79,'36.3157053','127.3487987'),(49772,79,'36.3149331','127.3491388'),(49773,79,'36.3148547','127.3491735'),(49774,79,'36.3128012','127.3500263'),(49775,79,'36.3125858','127.3501191'),(49776,79,'36.3124119','127.3502019'),(49777,79,'36.3123759','127.3502187'),(49778,79,'36.3106422','127.3509405'),(49779,79,'36.3104395','127.3510333'),(49780,79,'36.309788','127.3513275'),(49781,79,'36.3097664','127.3513387'),(49782,79,'36.3095718','127.3514204'),(49783,79,'36.3090077','127.3516565'),(49784,79,'36.3088455','127.3517292'),(49785,79,'36.3086743','127.3518097'),(49786,79,'36.3080841','127.3520514'),(49787,79,'36.3078652','127.352141'),(49788,79,'36.3076903','127.3522148'),(49789,79,'36.307493','127.3522987'),(49790,79,'36.3074759','127.3523043'),(49791,79,'36.3074588','127.3523121'),(49792,79,'36.3073948','127.3523401'),(49793,79,'36.307056','127.3524989'),(49794,79,'36.307038','127.3525056'),(49795,79,'36.3067478','127.3526354'),(49796,79,'36.3065046','127.3527361'),(49797,79,'36.3064027','127.3527775'),(49798,79,'36.3063117','127.3528133'),(49799,79,'36.3061666','127.3528749'),(49800,79,'36.3057846','127.3530349'),(49801,79,'36.3051511','127.3533089'),(49802,79,'36.3051883','127.353496'),(49803,79,'36.3052391','127.3537287'),(49804,79,'36.3053062','127.3540338'),(49805,79,'36.3053243','127.3541061'),(49806,79,'36.3055164','127.3548866'),(49807,79,'36.3058008','127.3560177'),(49808,79,'36.30601','127.3568137'),(49809,79,'36.3060535','127.3569819'),(49810,79,'36.3062021','127.3575541'),(49811,79,'36.3062229','127.3576332'),(49812,79,'36.3062691','127.3578091'),(49813,79,'36.3063162','127.3579872'),(49814,79,'36.3067863','127.3598866'),(49815,79,'36.306809','127.3599935'),(49816,79,'36.3070319','127.3609889'),(49817,79,'36.3071327','127.3616125'),(49818,79,'36.3071564','127.3618252'),(49819,79,'36.3071746','127.3619867'),(49820,79,'36.3072266','127.3625012'),(49821,79,'36.307316','127.3633743'),(49822,79,'36.3073658','127.3636315'),(49823,79,'36.3074655','127.3640401'),(49824,79,'36.3075794','127.3643808'),(49825,79,'36.3075903','127.3644131'),(49826,79,'36.3076428','127.3645745'),(49827,79,'36.3078997','127.3653571'),(49828,79,'36.3079748','127.3655864'),(49829,79,'36.308001','127.365661'),(49830,79,'36.3080444','127.3657801'),(49831,79,'36.3081412','127.3660729'),(49832,79,'36.3084397','127.3669813'),(49833,79,'36.3087807','127.3679454'),(49834,79,'36.3088792','127.368197'),(49835,79,'36.3089488','127.3683417'),(49836,79,'36.309069','127.3686032'),(49837,79,'36.3091187','127.3687112'),(49838,79,'36.3091793','127.3688492'),(49839,79,'36.3092046','127.3689127'),(49840,79,'36.3092724','127.3690674'),(49841,79,'36.3092904','127.3691086'),(49842,79,'36.3093483','127.3692433'),(49843,79,'36.3094487','127.3695806'),(49844,79,'36.3094967','127.3697342'),(49845,79,'36.3095493','127.3700137'),(49846,79,'36.3095665','127.3701307'),(49847,79,'36.3096065','127.3703991'),(49848,79,'36.3096219','127.3705082'),(49849,79,'36.309788','127.3715472'),(49850,79,'36.3098858','127.3719024'),(49851,79,'36.3099192','127.3719848'),(49852,79,'36.30995','127.3720616'),(49853,79,'36.3100078','127.3721996'),(49854,79,'36.3101615','127.3725992'),(49855,79,'36.3101995','127.3726994'),(49856,79,'36.3102492','127.3728742'),(49857,79,'36.310454','127.3738475'),(49858,79,'36.3105202','127.3741615'),(49859,79,'36.3105554','127.3742617'),(49860,79,'36.3106387','127.37453'),(49861,79,'36.3106549','127.3745701'),(49862,79,'36.3107074','127.3747126'),(49863,79,'36.310833','127.3749998'),(49864,79,'36.3108664','127.3750732'),(49865,79,'36.3109993','127.3753671'),(49866,79,'36.3111628','127.3757278'),(49867,79,'36.3113825','127.3762743'),(49868,79,'36.3116382','127.3768498'),(49869,79,'36.3117828','127.3771749'),(49870,79,'36.3119165','127.3774743'),(49871,79,'36.3119617','127.3775712'),(49872,79,'36.3121858','127.3780554'),(49873,79,'36.312258','127.3782123'),(49874,79,'36.3122852','127.3782747'),(49875,79,'36.3124243','127.3785997'),(49876,79,'36.3126602','127.3791274'),(49877,79,'36.3126755','127.3791619'),(49878,79,'36.3128589','127.3795626'),(49879,79,'36.3130514','127.3800235'),(49880,79,'36.3130596','127.3800436'),(49881,79,'36.3130831','127.3800992'),(49882,79,'36.3133017','127.3805567'),(49883,79,'36.3133794','127.3807192'),(49884,79,'36.3135646','127.3810765'),(49885,79,'36.3136576','127.3812869'),(49886,79,'36.3138329','127.3816866'),(49887,79,'36.3138429','127.3817122'),(49888,79,'36.3141239','127.3823233'),(49889,79,'36.3141582','127.382399'),(49890,79,'36.3142223','127.3825393'),(49891,79,'36.3142666','127.3826373'),(49892,79,'36.3143091','127.3827297'),(49893,79,'36.3145964','127.383362'),(49894,79,'36.3147229','127.3836447'),(49895,79,'36.3148747','127.3839865'),(49896,79,'36.3149343','127.3841368'),(49897,79,'36.3151359','127.38465'),(49898,79,'36.3151783','127.3847703'),(49899,79,'36.3152163','127.3849139'),(49900,79,'36.3152317','127.3849718'),(49901,79,'36.315658','127.3866767'),(49902,79,'36.3156824','127.386777'),(49903,79,'36.3156897','127.3868093'),(49904,79,'36.3157078','127.3868995'),(49905,79,'36.3157422','127.3870275'),(49906,79,'36.3160009','127.3880142'),(49907,79,'36.3160208','127.3880921'),(49908,79,'36.3160444','127.3881723'),(49909,79,'36.316057','127.3882257'),(49910,79,'36.3161828','127.3887491'),(49911,79,'36.3163493','127.3893616'),(49912,79,'36.3165601','127.390199'),(49913,79,'36.3166551','127.3905899'),(49914,79,'36.3168208','127.3912848'),(49915,79,'36.3168651','127.3914574'),(49916,79,'36.316951','127.3917737'),(49917,79,'36.3170913','127.3923372'),(49918,79,'36.317179','127.3926568'),(49919,79,'36.3172242','127.392825'),(49920,79,'36.3174223','127.39357'),(49921,79,'36.3175137','127.3939029'),(49922,79,'36.3175327','127.3939787'),(49923,79,'36.3175499','127.3940499'),(49924,79,'36.3175942','127.3942214'),(49925,79,'36.317663','127.3944876'),(49926,79,'36.3178737','127.3953083'),(49927,79,'36.3180049','127.3958173'),(49928,79,'36.318033','127.3959242'),(49929,79,'36.3183053','127.3970156'),(49930,79,'36.3183577','127.397206'),(49931,79,'36.3184075','127.3974243'),(49932,79,'36.3184699','127.3976459'),(49933,79,'36.3185468','127.3979644'),(49934,79,'36.3185993','127.3982239'),(49935,79,'36.3186599','127.3984745'),(49936,79,'36.3187422','127.3988108'),(49937,79,'36.3188906','127.3993688'),(49938,79,'36.3189005','127.3994133'),(49939,79,'36.3189159','127.3994868'),(49940,79,'36.3189666','127.3996739'),(49941,79,'36.3192199','127.4007397'),(49942,79,'36.3192579','127.4009124'),(49943,79,'36.3193348','127.4012487'),(49944,79,'36.3193529','127.40133'),(49945,79,'36.3194741','127.4018156'),(49946,79,'36.319769','127.4029917'),(49947,79,'36.319977','127.4038024'),(49948,79,'36.3204607','127.4054963'),(49949,79,'36.3204805','127.405562'),(49950,79,'36.3204914','127.4055999'),(49951,79,'36.3205574','127.4058382'),(49952,79,'36.3206189','127.406071'),(49953,79,'36.320816','127.4067994'),(49954,79,'36.3208829','127.4070499'),(49955,79,'36.3210266','127.4075489'),(49956,79,'36.3211216','127.407893'),(49957,79,'36.3211975','127.4081603'),(49958,79,'36.3213249','127.4085991'),(49959,79,'36.3214415','127.4089989'),(49960,79,'36.3214587','127.4090624'),(49961,79,'36.3214831','127.4091493'),(49962,79,'36.321522','127.4092851'),(49963,79,'36.3215582','127.4094121'),(49964,79,'36.3216576','127.4097741'),(49965,79,'36.3217182','127.4099957'),(49966,79,'36.3218176','127.4103354'),(49967,79,'36.3218257','127.4103744'),(49968,79,'36.3218348','127.4104'),(49969,79,'36.3220056','127.4110047'),(49970,79,'36.3220327','127.411105'),(49971,79,'36.3221032','127.4113544'),(49972,79,'36.3222081','127.4117231'),(49973,79,'36.322256','127.4118912'),(49974,79,'36.3223979','127.4124203'),(49975,79,'36.3224332','127.4125495'),(49976,79,'36.322567','127.4130752'),(49977,79,'36.3226159','127.4133492'),(49978,79,'36.3227498','127.4140119'),(49979,79,'36.3227661','127.4140999'),(49980,79,'36.3227942','127.4143628'),(49981,79,'36.3228479','127.4150379'),(49982,79,'36.3229007','127.4158043'),(49983,79,'36.3229071','127.4158701'),(49984,79,'36.3229198','127.4160316'),(49985,79,'36.3229515','127.4162221'),(49986,79,'36.3230501','127.4167155'),(49987,79,'36.3230537','127.4167367'),(49988,79,'36.3230736','127.4168358'),(49989,79,'36.3231747','127.417014'),(49990,79,'36.3232804','127.4172411'),(49991,79,'36.3234582','127.4176242'),(49992,79,'36.3236307','127.4179404'),(49993,79,'36.3236532','127.4179816'),(49994,79,'36.3238076','127.4182745'),(49995,79,'36.3239809','127.4185339'),(49996,79,'36.3241667','127.4187699'),(49997,79,'36.3241812','127.4187877'),(49998,79,'36.3244925','127.419165'),(49999,79,'36.3245827','127.4192741'),(50000,79,'36.3246612','127.419371'),(50001,79,'36.3247875','127.4195279'),(50002,79,'36.3249165','127.4196871'),(50003,79,'36.3250492','127.4198374'),(50004,79,'36.3251511','127.4199743'),(50005,79,'36.3253912','127.4202994'),(50006,79,'36.3254922','127.4204519'),(50007,79,'36.3256213','127.4206312'),(50008,79,'36.3260995','127.4212624'),(50009,79,'36.3261762','127.421366'),(50010,79,'36.3262926','127.4215163'),(50011,79,'36.3263684','127.4215853'),(50012,79,'36.3264279','127.4216253'),(50013,79,'36.3266579','127.421712'),(50014,79,'36.3268437','127.421802'),(50015,79,'36.3272179','127.4219911'),(50016,79,'36.3273245','127.4222617'),(50017,79,'36.3274075','127.4224622'),(50018,79,'36.3277579','127.4233743'),(50019,79,'36.3278094','127.4235113'),(50020,79,'36.3280496','127.424174'),(50021,79,'36.3283829','127.425074'),(50022,79,'36.3285752','127.4255763'),(50023,79,'36.3286195','127.4256966'),(50024,79,'36.3286782','127.4258547'),(50025,79,'36.3289328','127.4265497'),(50026,79,'36.3290412','127.4268493'),(50027,79,'36.329341','127.4276992'),(50028,79,'36.3293699','127.4277783'),(50029,79,'36.329583','127.4283118'),(50030,79,'36.3297555','127.4287662'),(50031,79,'36.3297808','127.4288308'),(50032,79,'36.3300508','127.4295826'),(50033,79,'36.3300914','127.4296996'),(50034,79,'36.3305158','127.4307867'),(50035,79,'36.330579','127.4309359'),(50036,79,'36.3307415','127.431387'),(50037,79,'36.330858','127.4317123'),(50038,79,'36.3311813','127.4326089'),(50039,79,'36.3312219','127.4327359'),(50040,79,'36.3313221','127.4330311'),(50041,79,'36.3314233','127.4333619'),(50042,79,'36.3314305','127.4333853'),(50043,79,'36.3317159','127.4342687'),(50044,79,'36.3322595','127.4357969'),(50045,79,'36.3323687','127.4360787'),(50046,79,'36.3325357','127.4364853'),(50047,79,'36.3327045','127.4368751'),(50048,79,'36.3327135','127.436893'),(50049,79,'36.3331206','127.4377428'),(50050,79,'36.3331648','127.4378531'),(50051,79,'36.3331937','127.43794'),(50052,79,'36.3333328','127.4383978'),(50053,79,'36.3333364','127.438409'),(50054,79,'36.3333824','127.4385694'),(50055,79,'36.3333906','127.4386017'),(50056,79,'36.3334899','127.4390161'),(50057,79,'36.333499','127.4390517'),(50058,79,'36.3335649','127.4393425'),(50059,79,'36.3335848','127.4394305'),(50060,79,'36.3335975','127.4394918'),(50061,79,'36.3336246','127.4396244'),(50062,79,'36.3336697','127.4397803'),(50063,79,'36.3337808','127.4401535'),(50064,79,'36.3337944','127.4401981'),(50065,79,'36.333891','127.4405122'),(50066,79,'36.3339415','127.4406348'),(50067,79,'36.3339849','127.4407406'),(50068,79,'36.334132','127.4410424'),(50069,79,'36.3342258','127.4412296'),(50070,79,'36.3343305','127.4413922'),(50071,79,'36.3344306','127.4415381'),(50072,79,'36.3345064','127.4416316'),(50073,79,'36.3345867','127.4417296'),(50074,79,'36.334749','127.4418766'),(50075,79,'36.3351134','127.4421482'),(50076,79,'36.3353118','127.4422906'),(50077,79,'36.3357645','127.4426135'),(50078,79,'36.3358655','127.4426858'),(50079,79,'36.3360035','127.4427615'),(50080,79,'36.3361325','127.4428383'),(50081,79,'36.3368936','127.4433213'),(50082,79,'36.3370586','127.4434304'),(50083,79,'36.3372255','127.4435406'),(50084,79,'36.3374149','127.4437221'),(50085,79,'36.3379082','127.4442042'),(50086,79,'36.338637','127.4449102'),(50087,79,'36.3387083','127.4449859'),(50088,79,'36.3388075','127.4450928'),(50089,79,'36.3390176','127.4452966'),(52064,80,'36.3549319','127.298422'),(52065,80,'36.3549563','127.2984353'),(52066,80,'36.3549997','127.2984909'),(52067,80,'36.3550277','127.2985733'),(52068,80,'36.3550234','127.2986447'),(52069,80,'36.3549937','127.2987283'),(52070,80,'36.3549543','127.2988477'),(52071,80,'36.3548798','127.299044'),(52072,80,'36.3550546','127.2995106'),(52073,80,'36.3550718','127.2995819'),(52074,80,'36.3550728','127.2996443'),(52075,80,'36.3550711','127.2997101'),(52076,80,'36.3550227','127.2998406'),(52077,80,'36.3550065','127.2998874'),(52078,80,'36.3549975','127.2999131'),(52079,80,'36.3549488','127.2998943'),(52080,80,'36.3549227','127.2998832'),(52081,80,'36.3547449','127.2998101'),(52082,80,'36.3546132','127.2997458'),(52083,80,'36.3543633','127.2996227'),(52084,80,'36.3542938','127.299595'),(52085,80,'36.354228','127.2995751'),(52086,80,'36.3541793','127.2995686'),(52087,80,'36.3541143','127.2995609'),(52088,80,'36.353888','127.2995504'),(52089,80,'36.3533263','127.2995128'),(52090,80,'36.3532749','127.2995218'),(52091,80,'36.3532362','127.2995398'),(52092,80,'36.3531939','127.2995833'),(52093,80,'36.3530494','127.2994366'),(52094,80,'36.3529546','127.2993399'),(52095,80,'36.3524371','127.2988152'),(52096,80,'36.351665','127.2980258'),(52097,80,'36.3513733','127.2977424'),(52098,80,'36.3512957','127.2976735'),(52099,80,'36.3512288','127.2976146'),(52100,80,'36.3511963','127.2975857'),(52101,80,'36.3510835','127.2974879'),(52102,80,'36.351042','127.2974568'),(52103,80,'36.3510058','127.2974302'),(52104,80,'36.3509806','127.2974102'),(52105,80,'36.350772','127.2972558'),(52106,80,'36.3505627','127.2971226'),(52107,80,'36.3500546','127.2968498'),(52108,80,'36.3500032','127.2968265'),(52109,80,'36.3494285','127.296546'),(52110,80,'36.3492173','127.296453'),(52111,80,'36.3490188','127.2963576'),(52112,80,'36.3489695','127.2965038'),(52113,80,'36.3489256','127.2966521'),(52114,80,'36.3488556','127.2968774'),(52115,80,'36.3484926','127.2981288'),(52116,80,'36.3484828','127.2981622'),(52117,80,'36.3484729','127.298199'),(52118,80,'36.3484326','127.2983228'),(52119,80,'36.3484137','127.2983976'),(52120,80,'36.3483904','127.2984745'),(52121,80,'36.348316','127.2987243'),(52122,80,'36.3482577','127.2988995'),(52123,80,'36.348158','127.2991115'),(52124,80,'36.3479495','127.2994742'),(52125,80,'36.3478325','127.299625'),(52126,80,'36.3476877','127.2997947'),(52127,80,'36.3476742','127.2998115'),(52128,80,'36.3476616','127.2998249'),(52129,80,'36.3475554','127.2999299'),(52130,80,'36.347414','127.3000629'),(52131,80,'36.3473474','127.300131'),(52132,80,'36.3473123','127.3001712'),(52133,80,'36.3472134','127.3002796'),(52134,80,'36.3470577','127.3004494'),(52135,80,'36.3467832','127.3007365'),(52136,80,'36.3465249','127.3009868'),(52137,80,'36.3464636','127.3010382'),(52138,80,'36.3462413','127.3012249'),(52139,80,'36.3460063','127.3014004'),(52140,80,'36.3459909','127.3014116'),(52141,80,'36.3458829','127.3014921'),(52142,80,'36.3457649','127.3015738'),(52143,80,'36.3457046','127.3016208'),(52144,80,'36.345647','127.3016688'),(52145,80,'36.3455308','127.3017505'),(52146,80,'36.3450247','127.3021072'),(52147,80,'36.3449464','127.3021632'),(52148,80,'36.3448293','127.302247'),(52149,80,'36.344434','127.3025344'),(52150,80,'36.3443899','127.3025669'),(52151,80,'36.3442387','127.3026865'),(52152,80,'36.3436948','127.3030957'),(52153,80,'36.3429583','127.3036492'),(52154,80,'36.3428341','127.3037832'),(52155,80,'36.3427819','127.3038413'),(52156,80,'36.3427477','127.3038793'),(52157,80,'36.3426829','127.3039497'),(52158,80,'36.3426424','127.3039921'),(52159,80,'36.3425623','127.3040826'),(52160,80,'36.3424912','127.3041619'),(52161,80,'36.342341','127.304374'),(52162,80,'36.3418843','127.3051619'),(52163,80,'36.3417296','127.3054197'),(52164,80,'36.3415957','127.305673'),(52165,80,'36.3418141','127.3058095'),(52166,80,'36.3423493','127.306157'),(52167,80,'36.3430911','127.3066321'),(52168,80,'36.3431354','127.3066609'),(52169,80,'36.3435704','127.3069585'),(52170,80,'36.343611','127.3069907'),(52171,80,'36.3438575','127.3071952'),(52172,80,'36.3439848','127.3073308'),(52173,80,'36.3440155','127.3073653'),(52174,80,'36.3440327','127.3073864'),(52175,80,'36.344058','127.3074309'),(52176,80,'36.3442857','127.3077903'),(52177,80,'36.3443572','127.307925'),(52178,80,'36.344416','127.3080318'),(52179,80,'36.3445498','127.3082744'),(52180,80,'36.3446556','127.3085071'),(52181,80,'36.3449524','127.309175'),(52182,80,'36.3449823','127.3092429'),(52183,80,'36.3452591','127.3098607'),(52184,80,'36.3453958','127.3101992'),(52185,80,'36.3454937','127.3105734'),(52186,80,'36.3455065','127.310648'),(52187,80,'36.3455392','127.3108029'),(52188,80,'36.3455519','127.3108898'),(52189,80,'36.3455656','127.31099'),(52190,80,'36.3455767','127.3111516'),(52191,80,'36.3455724','127.3112742'),(52192,80,'36.3455591','127.3114235'),(52193,80,'36.3455448','127.3115194'),(52194,80,'36.3455171','127.3116588'),(52195,80,'36.3454606','127.3118774'),(52196,80,'36.3454194','127.3120212'),(52197,80,'36.3453413','127.3122387'),(52198,80,'36.3452353','127.312493'),(52199,80,'36.3448248','127.3134669'),(52200,80,'36.3447359','127.3136789'),(52201,80,'36.3443074','127.3146516'),(52202,80,'36.3441772','127.3149562'),(52203,80,'36.3441134','127.3151101'),(52204,80,'36.3440613','127.3152239'),(52205,80,'36.3439301','127.3155095'),(52206,80,'36.3436543','127.3161743'),(52207,80,'36.3434765','127.3165837'),(52208,80,'36.3431037','127.3174772'),(52209,80,'36.3429168','127.3179256'),(52210,80,'36.3428962','127.3179769'),(52211,80,'36.3428719','127.3180394'),(52212,80,'36.3428432','127.3181008'),(52213,80,'36.3427201','127.3183752'),(52214,80,'36.3425691','127.3186787'),(52215,80,'36.342328','127.3190503'),(52216,80,'36.3421796','127.3192535'),(52217,80,'36.342041','127.3194254'),(52218,80,'36.3419826','127.3195091'),(52219,80,'36.3418134','127.3197335'),(52220,80,'36.3417945','127.3197614'),(52221,80,'36.3416341','127.3198141'),(52222,80,'36.341553','127.3198388'),(52223,80,'36.3414448','127.3198536'),(52224,80,'36.3410256','127.3198345'),(52225,80,'36.3403271','127.3193837'),(52226,80,'36.3400428','127.3191447'),(52227,80,'36.3398046','127.3190004'),(52228,80,'36.3382218','127.3180491'),(52229,80,'36.3372743','127.3174741'),(52230,80,'36.3333327','127.3150866'),(52231,80,'36.3325846','127.3146081'),(52232,80,'36.332304','127.3144439'),(52233,80,'36.3322988','127.3145854'),(52234,80,'36.332299','127.3147325'),(52235,80,'36.3322896','127.3150433'),(52236,80,'36.3322828','127.3164818'),(52237,80,'36.3322804','127.3172696'),(52238,80,'36.3322776','127.3184251'),(52239,80,'36.3322769','127.3185811'),(52240,80,'36.3322764','127.3188228'),(52241,80,'36.3322766','127.3189766'),(52242,80,'36.3322759','127.3190713'),(52243,80,'36.332276','127.3191281'),(52244,80,'36.3322764','127.3193911'),(52245,80,'36.3322785','127.3202279'),(52246,80,'36.3322648','127.3225266'),(52247,80,'36.3322626','127.3228363'),(52248,80,'36.3322543','127.3251751'),(52249,80,'36.3322527','127.3253211'),(52250,80,'36.3322479','127.3257166'),(52251,80,'36.3322494','127.3261144'),(52252,80,'36.332241','127.326539'),(52253,80,'36.3322292','127.3271451'),(52254,80,'36.3322161','127.3280299'),(52255,80,'36.3322136','127.3282126'),(52256,80,'36.332212','127.3283251'),(52257,80,'36.3322104','127.3284499'),(52258,80,'36.3322105','127.3285691'),(52259,80,'36.3322066','127.3321603'),(52260,80,'36.3322051','127.3336612'),(52261,80,'36.3322019','127.3365437'),(52262,80,'36.3322002','127.3366429'),(52263,80,'36.3321962','127.3370295'),(52264,80,'36.3321875','127.337883'),(52265,80,'36.3321869','127.3381438'),(52266,80,'36.3321963','127.3384123'),(52267,80,'36.3321886','127.3393861'),(52268,80,'36.3321872','127.339658'),(52269,80,'36.3321844','127.3402719'),(52270,80,'36.3321823','127.3407511'),(52271,80,'36.3321816','127.3408558'),(52272,80,'36.3321816','127.3408859'),(52273,80,'36.332182','127.3411644'),(52274,80,'36.332178','127.3415767'),(52275,80,'36.3321814','127.3441216'),(52276,80,'36.3321757','127.346008'),(52277,80,'36.332175','127.3461896'),(52278,80,'36.3321694','127.3474097'),(52279,80,'36.3321639','127.348768'),(52280,80,'36.3321551','127.3525185'),(52281,80,'36.3321537','127.3528706'),(52282,80,'36.3321421','127.3530099'),(52283,80,'36.3320739','127.3539838'),(52284,80,'36.3320637','127.355995'),(52285,80,'36.3320998','127.356795'),(52286,80,'36.3321462','127.3571314'),(52287,80,'36.3322558','127.3575557'),(52288,80,'36.3323798','127.3579109'),(52289,80,'36.3326383','127.3585434'),(52290,80,'36.3333327','127.3602057'),(52291,80,'36.3333852','127.3603638'),(52292,80,'36.3334277','127.3605442'),(52293,80,'36.3335067','127.3609898'),(52294,80,'36.3339092','127.3637145'),(52295,80,'36.3341443','127.3659047'),(52296,80,'36.3341988','127.3662601'),(52297,80,'36.3342424','127.3665419'),(52298,80,'36.3343559','127.3672716'),(52299,80,'36.3343598','127.36751'),(52300,80,'36.3343755','127.3678933'),(52301,80,'36.3343829','127.3680437'),(52302,80,'36.3343866','127.3681251'),(52303,80,'36.3344014','127.3684816'),(52304,80,'36.3344153','127.3688236'),(52305,80,'36.3344171','127.3688626'),(52306,80,'36.3344265','127.3691735'),(52307,80,'36.334425','127.369422'),(52308,80,'36.3344225','127.3696226'),(52309,80,'36.3344199','127.3696983'),(52310,80,'36.3344155','127.3698087'),(52311,80,'36.3344102','127.3699034'),(52312,80,'36.3343949','127.3699937'),(52313,80,'36.3343743','127.3700739'),(52314,80,'36.3342325','127.3706625'),(52315,80,'36.3341078','127.3712622'),(52316,80,'36.3340333','127.3715119'),(52317,80,'36.3339128','127.3718085'),(52318,80,'36.3338561','127.3719322'),(52319,80,'36.3336474','127.3723916'),(52320,80,'36.3334441','127.3727608'),(52321,80,'36.3333325','127.3729493'),(52322,80,'36.3332587','127.3730809'),(52323,80,'36.3332416','127.3731121'),(52324,80,'36.3328916','127.3737745'),(52325,80,'36.3326954','127.3740991'),(52326,80,'36.3325235','127.3743946'),(52327,80,'36.3324893','127.3744582'),(52328,80,'36.3324272','127.3745686'),(52329,80,'36.332385','127.3746411'),(52330,80,'36.3322707','127.3748352'),(52331,80,'36.3321825','127.3749991'),(52332,80,'36.3320583','127.3752244'),(52333,80,'36.3316947','127.3758578'),(52334,80,'36.3316497','127.375937'),(52335,80,'36.3315705','127.3760731'),(52336,80,'36.3312907','127.3765582'),(52337,80,'36.3312079','127.3766998'),(52338,80,'36.3311386','127.3768247'),(52339,80,'36.3309973','127.3770768'),(52340,80,'36.3308146','127.3774024'),(52341,80,'36.3307165','127.3775741'),(52342,80,'36.3304178','127.3781206'),(52343,80,'36.3303332','127.3782633'),(52344,80,'36.330299','127.3783213'),(52345,80,'36.3299849','127.3788889'),(52346,80,'36.329966','127.3789213'),(52347,80,'36.3299453','127.3789581'),(52348,80,'36.3298931','127.3790473'),(52349,80,'36.3298661','127.3790997'),(52350,80,'36.3296645','127.379461'),(52351,80,'36.3296645','127.3794621'),(52352,80,'36.3290247','127.3806241'),(52353,80,'36.3287169','127.3811694'),(52354,80,'36.3286576','127.38135'),(52355,80,'36.3288426','127.3815213'),(52356,80,'36.3289635','127.3816526'),(52357,80,'36.3291206','127.3818395'),(52358,80,'36.3291747','127.381894'),(52359,80,'36.3292081','127.3819363'),(52360,80,'36.3293543','127.3820965'),(52361,80,'36.3296504','127.3824382'),(52362,80,'36.3299238','127.3827375'),(52363,80,'36.3299915','127.382812'),(52364,80,'36.3300484','127.3828765'),(52365,80,'36.3300908','127.3829244'),(52366,80,'36.330459','127.3833361'),(52367,80,'36.3306134','127.3835208'),(52368,80,'36.3307425','127.3836766'),(52369,80,'36.3310809','127.3840839'),(52370,80,'36.3311352','127.3842833'),(52371,80,'36.3311443','127.3843992'),(52372,80,'36.3311175','127.3845663'),(52373,80,'36.3310752','127.3847146'),(52374,80,'36.3308186','127.3850247'),(52375,80,'36.3307664','127.3850872'),(52376,80,'36.330344','127.3855858'),(52377,80,'36.3302576','127.3856874'),(52378,80,'36.3299082','127.3861124'),(52379,80,'36.3296497','127.3864492'),(52380,80,'36.3295993','127.3865106'),(52381,80,'36.329358','127.3867995'),(52382,80,'36.3286925','127.3876495'),(52383,80,'36.3286079','127.3877499'),(52384,80,'36.3285494','127.3878246'),(52385,80,'36.328272','127.3881392'),(52386,80,'36.328199','127.3882218'),(52387,80,'36.3281513','127.3882831'),(52388,80,'36.3281036','127.3883434'),(52389,80,'36.3278749','127.3886367'),(52390,80,'36.3278002','127.3888296'),(52391,80,'36.3277786','127.3888875'),(52392,80,'36.3270357','127.3908272'),(52393,80,'36.327016','127.3908874'),(52394,80,'36.3269746','127.391'),(52395,80,'36.3269404','127.3911025'),(52396,80,'36.3268577','127.3913433'),(52397,80,'36.3267327','127.3917123'),(52398,80,'36.3266545','127.3919787'),(52399,80,'36.3265314','127.3924055'),(52400,80,'36.326517','127.3924512'),(52401,80,'36.326491','127.3925348'),(52402,80,'36.3264829','127.3925616'),(52403,80,'36.3263436','127.3930788'),(52404,80,'36.3262636','127.3933741'),(52405,80,'36.3261863','127.3936338'),(52406,80,'36.3260803','127.3939983'),(52407,80,'36.3260155','127.3942034'),(52408,80,'36.325931','127.3944764'),(52409,80,'36.3259211','127.394511'),(52410,80,'36.3258294','127.3948164'),(52411,80,'36.3258413','127.3949133'),(52412,80,'36.3258413','127.3949144'),(52413,80,'36.3258684','127.3950559'),(52414,80,'36.3259354','127.3954045'),(52415,80,'36.3259897','127.3956061'),(52416,80,'36.3261245','127.3961117'),(52417,80,'36.3263244','127.396849'),(52418,80,'36.3263705','127.3970072'),(52419,80,'36.3263994','127.3971119'),(52420,80,'36.3264329','127.3972366'),(52421,80,'36.326791','127.3985743'),(52422,80,'36.3270271','127.3994608'),(52423,80,'36.3270407','127.3995165'),(52424,80,'36.327066','127.3996245'),(52425,80,'36.3271492','127.3998985'),(52426,80,'36.3272278','127.4001391'),(52427,80,'36.3272549','127.4002215'),(52428,80,'36.3274864','127.401098'),(52429,80,'36.3275724','127.4014244'),(52430,80,'36.3278409','127.4024413'),(52431,80,'36.3278536','127.4025014'),(52432,80,'36.3278916','127.4026618'),(52433,80,'36.3279269','127.4027855'),(52434,80,'36.3281141','127.4035039'),(52435,80,'36.3281656','127.4036999'),(52436,80,'36.3282787','127.4041265'),(52437,80,'36.3283411','127.4043615'),(52438,80,'36.3283772','127.4044628'),(52439,80,'36.3283889','127.4044951'),(52440,80,'36.3283569','127.4049988'),(52441,80,'36.3283371','127.4051147'),(52442,80,'36.3283048','127.4052763'),(52443,80,'36.328277','127.4053766'),(52444,80,'36.3282536','127.4054591'),(52445,80,'36.3278915','127.4058996'),(52446,80,'36.3272988','127.4065933'),(52447,80,'36.3271826','127.4067249'),(52448,80,'36.3268566','127.4071119'),(52449,80,'36.3266674','127.4073372'),(52450,80,'36.3266125','127.4074019'),(52451,80,'36.326417','127.4076339'),(52452,80,'36.3263828','127.407674'),(52453,80,'36.3260505','127.4080967'),(52454,80,'36.3257325','127.4084992'),(52455,80,'36.3256812','127.4085628'),(52456,80,'36.3251408','127.4092497'),(52457,80,'36.3248913','127.4095464'),(52458,80,'36.3248579','127.4095865'),(52459,80,'36.3247472','127.4097204'),(52460,80,'36.3245769','127.4099233'),(52461,80,'36.324358','127.4101743'),(52462,80,'36.3242554','127.4103136'),(52463,80,'36.3237077','127.4109872'),(52464,80,'36.3234582','127.4112872'),(52465,80,'36.3230159','127.4117868'),(52466,80,'36.3228385','127.4120443'),(52467,80,'36.3224332','127.4125495'),(52468,80,'36.3221314','127.4129253'),(52469,80,'36.321972','127.4131271'),(52470,80,'36.3216649','127.4134951'),(52471,80,'36.3215991','127.4135742'),(52472,80,'36.3211577','127.414124'),(52473,80,'36.3209389','127.414415'),(52474,80,'36.3207497','127.4146536'),(52475,80,'36.3202191','127.415268'),(52476,80,'36.3199003','127.4156449'),(52477,80,'36.3196517','127.4159471'),(52478,80,'36.3192859','127.4163886'),(52479,80,'36.3191887','127.4165046'),(52480,80,'36.3190553','127.4166574'),(52481,80,'36.3189562','127.4167823'),(52482,80,'36.3185833','127.4172483'),(52483,80,'36.318405','127.4174646'),(52484,80,'36.3183167','127.4175416'),(52485,80,'36.3182905','127.417565'),(52486,80,'36.3181653','127.4176621'),(52487,80,'36.3181898','127.4178871'),(52488,80,'36.3181953','127.417955'),(52489,80,'36.3182243','127.4182925'),(52490,80,'36.3182552','127.4185955'),(52491,80,'36.3182816','127.4189854'),(52492,80,'36.3182972','127.4193553'),(52493,80,'36.3182999','127.4194121'),(52494,80,'36.3183055','127.4196516'),(52495,80,'36.3182992','127.4197496'),(52496,80,'36.3182741','127.4199123'),(52497,80,'36.3182633','127.419968'),(52498,80,'36.3182444','127.4200193'),(52499,80,'36.3182174','127.4200739'),(52500,80,'36.318203','127.4201096'),(52501,80,'36.3181697','127.4201887'),(52502,80,'36.3181526','127.4202277'),(52503,80,'36.3180743','127.4204417'),(52504,80,'36.3179042','127.4209164'),(52505,80,'36.3178557','127.4210858'),(52506,80,'36.3178377','127.4211738'),(52507,80,'36.3178269','127.4212396'),(52508,80,'36.3178225','127.421332'),(52509,80,'36.3178225','127.4213944'),(52510,80,'36.3178225','127.4214122'),(52511,80,'36.3178217','127.4214713'),(52512,80,'36.3178147','127.4217754'),(52513,80,'36.3178283','127.4219458'),(52514,80,'36.317841','127.4221118'),(52515,80,'36.3178474','127.422172'),(52516,80,'36.3178909','127.4226053'),(52517,80,'36.3178909','127.422612'),(52518,80,'36.3179245','127.4229996'),(52519,80,'36.3179309','127.4231188'),(52520,80,'36.3179419','127.4233093'),(52521,80,'36.317941','127.4233761'),(52522,80,'36.3179438','127.4235065'),(52523,80,'36.3179438','127.4235354'),(52524,80,'36.3179393','127.4235978'),(52525,80,'36.3179304','127.4236669'),(52526,80,'36.3178998','127.4238118'),(52527,80,'36.3177999','127.4240492'),(52528,80,'36.3177306','127.4241807'),(52529,80,'36.3174361','127.4247391'),(52530,80,'36.3173578','127.4248873'),(52531,80,'36.3172011','127.4252161'),(52532,80,'36.3171246','127.4254245'),(52533,80,'36.3171111','127.4255259'),(52534,80,'36.3171112','127.4256128'),(52535,80,'36.3171284','127.4257587'),(52536,80,'36.3172359','127.4260471'),(52537,80,'36.317253','127.4260939'),(52538,80,'36.3170061','127.4262512'),(52539,80,'36.3162491','127.4267365'),(52540,80,'36.3156435','127.4271459'),(52541,80,'36.3155074','127.4272374'),(52542,80,'36.3152389','127.4274181'),(52543,80,'36.3149325','127.4276245'),(52544,80,'36.314691','127.4277873'),(52545,80,'36.314518','127.4279134'),(52546,80,'36.3143233','127.4280394'),(52547,80,'36.3141404','127.4281577'),(52548,80,'36.3139033','127.4283105'),(52549,80,'36.3138925','127.4283194'),(52550,80,'36.3138195','127.4283819'),(52551,80,'36.3137754','127.4284499'),(52552,80,'36.3137493','127.4285245'),(52553,80,'36.3137331','127.4285747'),(52554,80,'36.3136999','127.4288488'),(52555,80,'36.3136909','127.4289245'),(52556,80,'36.3136166','127.4297122'),(52557,80,'36.3135852','127.4300352'),(52558,80,'36.313561','127.4302536'),(52559,80,'36.3135494','127.4303995'),(52560,80,'36.3134911','127.4310368'),(52561,80,'36.313458','127.4314746'),(52562,80,'36.3134482','127.4315982'),(52563,80,'36.3133685','127.4325262'),(52564,80,'36.3133658','127.4325541'),(52565,80,'36.3133604','127.4326053'),(52566,80,'36.3133577','127.4326365'),(52567,80,'36.3132915','127.4334966'),(52568,80,'36.3132825','127.4336124'),(52569,80,'36.3132127','127.4344468'),(52570,80,'36.3131965','127.4346351'),(52571,80,'36.3131903','127.4346919'),(52572,80,'36.313166','127.4348991'),(52573,80,'36.3131192','127.4349772'),(52574,80,'36.3130201','127.4351421'),(52575,80,'36.3130039','127.4351689'),(52576,80,'36.3126743','127.4358119'),(52577,80,'36.3121492','127.4368616'),(52578,80,'36.3117197','127.4377465'),(52579,80,'36.3116872','127.4378011'),(52580,80,'36.3116665','127.4378367'),(52581,80,'36.3112342','127.4387304'),(52582,80,'36.3111748','127.4388374'),(52583,80,'36.3106659','127.439837'),(52584,80,'36.3102498','127.4406873'),(52585,80,'36.3101985','127.440792'),(52586,80,'36.3097581','127.4416868'),(52587,80,'36.3095996','127.4420088'),(52588,80,'36.3093483','127.4425314'),(52589,80,'36.3092528','127.4427209'),(52590,80,'36.3091808','127.4428624'),(52591,80,'36.3089808','127.443258'),(52592,80,'36.308716','127.4437873'),(52593,80,'36.3085611','127.4441093'),(52594,80,'36.3083467','127.4445539'),(52595,80,'36.3083206','127.4446074'),(52596,80,'36.3082999','127.4446486'),(52597,80,'36.3081729','127.4448949'),(52598,80,'36.3076658','127.4458999'),(52599,80,'36.307618','127.4459935'),(52600,80,'36.3072577','127.4467'),(52601,80,'36.3068415','127.4474243'),(52602,80,'36.3068046','127.44747'),(52603,80,'36.3067289','127.4475614'),(52604,80,'36.3067082','127.447587'),(52605,80,'36.3066109','127.4477029'),(52606,80,'36.3061828','127.4482'),(52607,80,'36.3054249','127.4488866'),(52608,80,'36.3053195','127.4489747'),(52609,80,'36.3046661','127.4495498'),(52610,80,'36.3040587','127.4500693'),(52611,80,'36.303946','127.4501618'),(52612,80,'36.3030917','127.4508741'),(52613,80,'36.3029718','127.4509811'),(52614,80,'36.3029231','127.4510245'),(52615,80,'36.3027465','127.4511817'),(52616,80,'36.3027411','127.4511873'),(52617,80,'36.3026068','127.451311'),(52618,80,'36.3023743','127.4515116'),(52619,80,'36.3021111','127.4517356'),(52620,80,'36.301811','127.4519898'),(52621,80,'36.3016659','127.4521124'),(52622,80,'36.3013081','127.4524367'),(52623,80,'36.3012577','127.4524768'),(52624,80,'36.3009666','127.4527499'),(52625,80,'36.3002753','127.4533261'),(52626,80,'36.3002329','127.4533618'),(52627,80,'36.2995083','127.4539748'),(52628,80,'36.2992335','127.4542334'),(52629,80,'36.2990658','127.4543771'),(52630,80,'36.2986999','127.454687'),(52631,80,'36.2986377','127.454736'),(52632,80,'36.2978735','127.4553969'),(52633,80,'36.297841','127.4554248'),(52634,80,'36.2977401','127.4555128'),(52635,80,'36.2974868','127.4557413'),(52636,80,'36.2974481','127.4557758'),(52637,80,'36.2974012','127.4558293'),(52638,80,'36.2973535','127.4559095'),(52639,80,'36.2973426','127.455934'),(52640,80,'36.2972318','127.4561724'),(52641,80,'36.2971075','127.4564866'),(52642,80,'36.2970868','127.4565634'),(52643,80,'36.2968581','127.4573031'),(52644,80,'36.296841','127.4573621'),(52645,80,'36.2967645','127.4576428'),(52646,80,'36.2966987','127.4578867'),(52647,80,'36.2964745','127.4586865'),(52648,80,'36.296208','127.4596121'),(52649,80,'36.2961414','127.4598249'),(52650,80,'36.2960224','127.4600989'),(52651,80,'36.2959828','127.4601747'),(52652,80,'36.2959675','127.4602048'),(52653,80,'36.2959377','127.4602672'),(52654,80,'36.2960324','127.4603027'),(52655,80,'36.2960784','127.4603172'),(52656,80,'36.2961316','127.4603194'),(52657,80,'36.296174','127.4603138'),(52658,80,'36.2962244','127.4602915'),(52659,80,'36.2964516','127.46019'),(52660,80,'36.2965246','127.4601544'),(52661,80,'36.2970051','127.4598991'),(52662,80,'36.2970988','127.4598344'),(52663,80,'36.2972367','127.4597453'),(52664,80,'36.2973349','127.4596673'),(52665,80,'36.2975152','127.4594823'),(52666,80,'36.2978414','127.4591469'),(52667,80,'36.2979271','127.4590588'),(52668,80,'36.2979586','127.4590288'),(52669,80,'36.2979983','127.4589953'),(52670,80,'36.2980469','127.4589619'),(52671,80,'36.2990384','127.45837'),(52672,80,'36.2991845','127.4582808'),(52673,80,'36.2993755','127.458166'),(52674,80,'36.2995243','127.4580768'),(52675,80,'36.2996073','127.4582683'),(52676,80,'36.2997435','127.4586324'),(52677,80,'36.2998193','127.4588217'),(52678,80,'36.2999276','127.4590522'),(52679,80,'36.2999907','127.4591602'),(52680,80,'36.3001053','127.4593161'),(52681,80,'36.3001955','127.4594285'),(52682,80,'36.3002604','127.4595031'),(52683,80,'36.3003416','127.4595799'),(52684,80,'36.3005084','127.4597091'),(52685,80,'36.3006148','127.4597781'),(52686,80,'36.3006879','127.4598148'),(52687,80,'36.3007077','127.4598248'),(52688,80,'36.3009079','127.4598937'),(52689,80,'36.3010188','127.4599316'),(52690,80,'36.3011396','127.4599482'),(52691,80,'36.30131','127.459957'),(52692,80,'36.3014759','127.4599536'),(52693,80,'36.3016012','127.4599279'),(52694,80,'36.3017508','127.4598844'),(52695,80,'36.3019122','127.4598175'),(52696,80,'36.3020402','127.4597562'),(52697,80,'36.303724','127.4589545'),(52698,80,'36.3037754','127.459068'),(52699,55,'36.3546486','127.2982711'),(52700,55,'36.3546062','127.298249'),(52701,55,'36.3546742','127.2984628'),(52702,55,'36.3548798','127.299044'),(52703,55,'36.3550546','127.2995106'),(52704,55,'36.3550718','127.2995819'),(52705,55,'36.3550728','127.2996443'),(52706,55,'36.3550711','127.2997101'),(52707,55,'36.3550227','127.2998406'),(52708,55,'36.3550065','127.2998874'),(52709,55,'36.3549975','127.2999131'),(52710,55,'36.3549488','127.2998943'),(52711,55,'36.3549227','127.2998832'),(52712,55,'36.3547449','127.2998101'),(52713,55,'36.3546132','127.2997458'),(52714,55,'36.3543633','127.2996227'),(52715,55,'36.3542938','127.299595'),(52716,55,'36.354228','127.2995751'),(52717,55,'36.3541793','127.2995686'),(52718,55,'36.3541143','127.2995609'),(52719,55,'36.353888','127.2995504'),(52720,55,'36.3533263','127.2995128'),(52721,55,'36.3532749','127.2995218'),(52722,55,'36.3532362','127.2995398'),(52723,55,'36.3531939','127.2995833'),(52724,55,'36.3530494','127.2994366'),(52725,55,'36.3529546','127.2993399'),(52726,55,'36.3524371','127.2988152'),(52727,55,'36.351665','127.2980258'),(52728,55,'36.3513733','127.2977424'),(52729,55,'36.3512957','127.2976735'),(52730,55,'36.3512288','127.2976146'),(52731,55,'36.3511963','127.2975857'),(52732,55,'36.3510835','127.2974879'),(52733,55,'36.351042','127.2974568'),(52734,55,'36.3510058','127.2974302'),(52735,55,'36.3509806','127.2974102'),(52736,55,'36.350772','127.2972558'),(52737,55,'36.3505627','127.2971226'),(52738,55,'36.3500546','127.2968498'),(52739,55,'36.3500032','127.2968265'),(52740,55,'36.3494285','127.296546'),(52741,55,'36.3492173','127.296453'),(52742,55,'36.3490188','127.2963576'),(52743,55,'36.3489695','127.2965038'),(52744,55,'36.3489256','127.2966521'),(52745,55,'36.3488556','127.2968774'),(52746,55,'36.3484828','127.2981622'),(52747,55,'36.3484729','127.298199'),(52748,55,'36.3484622','127.2982314'),(52749,55,'36.3484326','127.2983228'),(52750,55,'36.3484137','127.2983976'),(52751,55,'36.3483904','127.2984745'),(52752,55,'36.348316','127.2987243'),(52753,55,'36.3482577','127.2988995'),(52754,55,'36.348158','127.2991115'),(52755,55,'36.3479495','127.2994742'),(52756,55,'36.3478325','127.299625'),(52757,55,'36.3476877','127.2997947'),(52758,55,'36.3476742','127.2998115'),(52759,55,'36.3476616','127.2998249'),(52760,55,'36.3475554','127.2999299'),(52761,55,'36.347414','127.3000629'),(52762,55,'36.3473474','127.300131'),(52763,55,'36.3473123','127.3001712'),(52764,55,'36.3472134','127.3002796'),(52765,55,'36.3470577','127.3004494'),(52766,55,'36.3467832','127.3007365'),(52767,55,'36.3465249','127.3009868'),(52768,55,'36.3464636','127.3010382'),(52769,55,'36.3462413','127.3012249'),(52770,55,'36.3460063','127.3014004'),(52771,55,'36.3459909','127.3014116'),(52772,55,'36.3458829','127.3014921'),(52773,55,'36.3457649','127.3015738'),(52774,55,'36.3457046','127.3016208'),(52775,55,'36.3456632','127.3016554'),(52776,55,'36.345647','127.3016688'),(52777,55,'36.3450247','127.3021072'),(52778,55,'36.3449464','127.3021632'),(52779,55,'36.3448293','127.302247'),(52780,55,'36.344434','127.3025344'),(52781,55,'36.3443899','127.3025669'),(52782,55,'36.3442387','127.3026865'),(52783,55,'36.3436948','127.3030957'),(52784,55,'36.3429583','127.3036492'),(52785,55,'36.3428341','127.3037832'),(52786,55,'36.3427819','127.3038413'),(52787,55,'36.3427477','127.3038793'),(52788,55,'36.3426829','127.3039497'),(52789,55,'36.3426424','127.3039921'),(52790,55,'36.3425623','127.3040826'),(52791,55,'36.3424912','127.3041619'),(52792,55,'36.342341','127.304374'),(52793,55,'36.3418843','127.3051619'),(52794,55,'36.3417296','127.3054197'),(52795,55,'36.3415957','127.305673'),(52796,55,'36.3418141','127.3058095'),(52797,55,'36.3418773','127.3058506'),(52798,55,'36.3423493','127.306157'),(52799,55,'36.3430911','127.3066321'),(52800,55,'36.3431354','127.3066609'),(52801,55,'36.3435704','127.3069585'),(52802,55,'36.343611','127.3069907'),(52803,55,'36.3438575','127.3071952'),(52804,55,'36.3439848','127.3073308'),(52805,55,'36.3440155','127.3073653'),(52806,55,'36.3440327','127.3073864'),(52807,55,'36.344058','127.3074309'),(52808,55,'36.3442857','127.3077903'),(52809,55,'36.3443572','127.307925'),(52810,55,'36.344416','127.3080318'),(52811,55,'36.3445498','127.3082744'),(52812,55,'36.3446556','127.3085071'),(52813,55,'36.3449524','127.309175'),(52814,55,'36.3449823','127.3092429'),(52815,55,'36.3452591','127.3098607'),(52816,55,'36.3453958','127.3101992'),(52817,55,'36.3454937','127.3105734'),(52818,55,'36.3455065','127.310648'),(52819,55,'36.3455392','127.3108029'),(52820,55,'36.3455519','127.3108898'),(52821,55,'36.3455656','127.31099'),(52822,55,'36.3455767','127.3111516'),(52823,55,'36.3455724','127.3112742'),(52824,55,'36.3455591','127.3114235'),(52825,55,'36.3455448','127.3115194'),(52826,55,'36.3455171','127.3116588'),(52827,55,'36.3454606','127.3118774'),(52828,55,'36.3454194','127.3120212'),(52829,55,'36.3453413','127.3122387'),(52830,55,'36.3452353','127.312493'),(52831,55,'36.3448248','127.3134669'),(52832,55,'36.3447359','127.3136789'),(52833,55,'36.3443074','127.3146516'),(52834,55,'36.3441772','127.3149562'),(52835,55,'36.3441134','127.3151101'),(52836,55,'36.3440613','127.3152239'),(52837,55,'36.3439301','127.3155095'),(52838,55,'36.3436543','127.3161743'),(52839,55,'36.3434765','127.3165837'),(52840,55,'36.3431037','127.3174772'),(52841,55,'36.3429168','127.3179256'),(52842,55,'36.3428962','127.3179769'),(52843,55,'36.3428719','127.3180394'),(52844,55,'36.3428432','127.3181008'),(52845,55,'36.3427201','127.3183752'),(52846,55,'36.3425691','127.3186787'),(52847,55,'36.342328','127.3190503'),(52848,55,'36.3421796','127.3192535'),(52849,55,'36.342041','127.3194254'),(52850,55,'36.3419826','127.3195091'),(52851,55,'36.3418134','127.3197335'),(52852,55,'36.3417945','127.3197614'),(52853,55,'36.3416101','127.3200014'),(52854,55,'36.3414688','127.3201811'),(52855,55,'36.3417062','127.3203767'),(52856,55,'36.3419093','127.3205423'),(52857,55,'36.3419707','127.3205934'),(52858,55,'36.3427163','127.3212614'),(52859,55,'36.3428761','127.3214093'),(52860,55,'36.3429962','127.3215216'),(52861,55,'36.3431479','127.3216605'),(52862,55,'36.3433736','127.3218784'),(52863,55,'36.3443577','127.3228245'),(52864,55,'36.344642','127.3230557'),(52865,55,'36.3467298','127.3247661'),(52866,55,'36.3467975','127.3248127'),(52867,55,'36.3473002','127.3252072'),(52868,55,'36.3481089','127.3258284'),(52869,55,'36.3485132','127.326144'),(52870,55,'36.3485854','127.3262051'),(52871,55,'36.348775','127.3263418'),(52872,55,'36.3489997','127.3265241'),(52873,55,'36.3492254','127.3267019'),(52874,55,'36.3493355','127.3267875'),(52875,55,'36.3495268','127.3269297'),(52876,55,'36.3501676','127.3274086'),(52877,55,'36.3502994','127.3275142'),(52878,55,'36.3505737','127.3277187'),(52879,55,'36.3513842','127.3283065'),(52880,55,'36.351691','127.3285499'),(52881,55,'36.3523995','127.3290866'),(52882,55,'36.3526062','127.3292232'),(52883,55,'36.3533498','127.3297867'),(52884,55,'36.3535736','127.3299433'),(52885,55,'36.3537162','127.3300489'),(52886,55,'36.35406','127.3302789'),(52887,55,'36.3542414','127.3304'),(52888,55,'36.3553591','127.33084'),(52889,55,'36.3554529','127.3308766'),(52890,55,'36.3565245','127.3312989'),(52891,55,'36.3564312','127.3316335'),(52892,55,'36.3564231','127.3316614'),(52893,55,'36.3561549','127.3325949'),(52894,55,'36.3561083','127.3327867'),(52895,55,'36.3560186','127.3331179'),(52896,55,'36.3558859','127.3336286'),(52897,55,'36.3558554','127.3337524'),(52898,55,'36.3558464','127.3337881'),(52899,55,'36.3558276','127.3338584'),(52900,55,'36.3557666','127.334087'),(52901,55,'36.355641','127.3345364'),(52902,55,'36.355441','127.3352747'),(52903,55,'36.3554105','127.3354052'),(52904,55,'36.3553415','127.3356739'),(52905,55,'36.3552491','127.3360374'),(52906,55,'36.3551137','127.3365515'),(52907,55,'36.3550823','127.3366709'),(52908,55,'36.3550626','127.3367467'),(52909,55,'36.3550321','127.3368805'),(52910,55,'36.3548833','127.3374871'),(52911,55,'36.3546833','127.3382867'),(52912,55,'36.3544813','127.3389346'),(52913,55,'36.3544301','127.3390908'),(52914,55,'36.3543853','127.339228'),(52915,55,'36.3542838','127.3395726'),(52916,55,'36.3542641','127.3396484'),(52917,55,'36.3540326','127.3404625'),(52918,55,'36.3538764','127.3409956'),(52919,55,'36.3537795','127.3413'),(52920,55,'36.3537094','127.341513'),(52921,55,'36.3538105','127.3415474'),(52922,55,'36.354155','127.3416659'),(52923,55,'36.3541848','127.3416759'),(52924,55,'36.3543444','127.3417269'),(52925,55,'36.3551489','127.3419493'),(52926,55,'36.3553247','127.3419991'),(52927,55,'36.3554988','127.3420589'),(52928,55,'36.3556332','127.3421088'),(52929,55,'36.3557369','127.3421487'),(52930,55,'36.3562159','127.3423372'),(52931,55,'36.3569916','127.3426366'),(52932,55,'36.3570909','127.3426832'),(52933,55,'36.3573326','127.3427875'),(52934,55,'36.3576339','127.3429017'),(52935,55,'36.3578576','127.342987'),(52936,55,'36.3579757','127.3430358'),(52937,55,'36.3586414','127.343312'),(52938,55,'36.3586965','127.3433342'),(52939,55,'36.3589499','127.3434374'),(52940,55,'36.3592124','127.3435338'),(52941,55,'36.3593748','127.3435993'),(52942,55,'36.3594523','127.3436314'),(52943,55,'36.3595245','127.3436625'),(52944,55,'36.3595985','127.3436891'),(52945,55,'36.3601478','127.3438831'),(52946,55,'36.3602831','127.3439374'),(52947,55,'36.3606691','127.3440827'),(52948,55,'36.3607909','127.3441248'),(52949,55,'36.3616081','127.3444375'),(52950,55,'36.3619761','127.3445816'),(52951,55,'36.3620419','127.3446049'),(52952,55,'36.3621998','127.3446614'),(52953,55,'36.3623741','127.344213'),(52954,55,'36.3624549','127.3439855'),(52955,55,'36.3625295','127.3437601'),(52956,55,'36.3632795','127.3416608'),(52957,55,'36.3634571','127.3410307'),(52958,55,'36.3634634','127.3409638'),(52959,55,'36.3634633','127.3409326'),(52960,55,'36.3634741','127.3409002'),(52961,55,'36.3636681','127.3403737'),(52962,55,'36.363713','127.3402488'),(52963,55,'36.3639178','127.339691'),(52964,55,'36.3642232','127.3388399'),(52965,55,'36.3642897','127.3386425'),(52966,55,'36.3643884','127.3383379'),(52967,55,'36.3644001','127.3383034'),(52968,55,'36.3644252','127.3382253'),(52969,55,'36.3645178','127.3379676'),(52970,55,'36.3645186','127.3379642'),(52971,55,'36.3645977','127.3377456'),(52972,55,'36.3646758','127.3375314'),(52973,55,'36.364894','127.33687'),(52974,55,'36.3654579','127.3352246'),(52975,55,'36.3656223','127.3347706'),(52976,55,'36.3656555','127.3346757'),(52977,55,'36.3656672','127.3346434'),(52978,55,'36.366144','127.3333125'),(52979,55,'36.3663299','127.3327949'),(52980,55,'36.366435','127.3324982'),(52981,55,'36.3664601','127.3324279'),(52982,55,'36.3665391','127.3321925'),(52983,55,'36.3665912','127.3320375'),(52984,55,'36.366655','127.3318668'),(52985,55,'36.366681','127.3317976'),(52986,55,'36.3666981','127.3317519'),(52987,55,'36.3667053','127.3317318'),(52988,55,'36.3668167','127.3314372'),(52989,55,'36.3668409','127.331338'),(52990,55,'36.3668731','127.3312075'),(52991,55,'36.3668937','127.331067'),(52992,55,'36.3668999','127.3310246'),(52993,55,'36.3669051','127.3308964'),(52994,55,'36.3669192','127.330669'),(52995,55,'36.3669145','127.3305018'),(52996,55,'36.3669128','127.3299467'),(52997,55,'36.3669077','127.3282868'),(52998,55,'36.3669081','127.3279034'),(52999,55,'36.3669077','127.3263706'),(53000,55,'36.3669079','127.3252749'),(53001,55,'36.3669247','127.3244867'),(53002,55,'36.3669358','127.3240319'),(53003,55,'36.3669494','127.3234622'),(53004,55,'36.3669493','127.3233998'),(53005,55,'36.3669492','127.3233374'),(53006,55,'36.3669491','127.323246'),(53007,55,'36.3669499','127.3231914'),(53008,55,'36.3669489','127.3231356'),(53009,55,'36.3669479','127.3230464'),(53010,55,'36.3669478','127.3230241'),(53011,55,'36.3669477','127.3229461'),(53012,55,'36.3669476','127.3228424'),(53013,55,'36.3669463','127.3226251'),(53014,55,'36.3669451','127.3224133'),(53015,55,'36.3669439','127.3221981'),(53016,55,'36.3669417','127.321934'),(53017,55,'36.3669403','127.3215973'),(53018,55,'36.3669369','127.3211503'),(53019,55,'36.3669357','127.3209084'),(53020,55,'36.3669345','127.3207078'),(53021,55,'36.3669331','127.3204124'),(53022,55,'36.3669318','127.3201125'),(53023,55,'36.3669305','127.319884'),(53024,55,'36.36693','127.3195585'),(53025,55,'36.3669288','127.3193133'),(53026,55,'36.3669284','127.3190981'),(53027,55,'36.3669273','127.3189365'),(53028,55,'36.3669269','127.3187102'),(53029,55,'36.3669259','127.3185887'),(53030,55,'36.3669257','127.3184862'),(53031,55,'36.3669254','127.3183145'),(53032,55,'36.3669578','127.3182531'),(53033,55,'36.3669911','127.3181906'),(53034,55,'36.3670531','127.3181035'),(53035,55,'36.3670954','127.3180599'),(53036,55,'36.3671098','127.3180454'),(53037,55,'36.3672341','127.3179638'),(53038,55,'36.3672864','127.3179647'),(53039,55,'36.3674469','127.3179688'),(53040,55,'36.3674929','127.3179698'),(53041,55,'36.3676624','127.3179739'),(53042,55,'36.3678418','127.3179746'),(53043,55,'36.3680095','127.3179742'),(53044,55,'36.3684665','127.3179743'),(53045,55,'36.3690886','127.3179706'),(53046,55,'36.3693654','127.3179699'),(53047,55,'36.3694492','127.3179664'),(53048,55,'36.3695285','127.3179629'),(53049,55,'36.3697025','127.3179647'),(53050,55,'36.3700911','127.3179638'),(53051,55,'36.371768','127.3179554'),(53052,55,'36.3719997','127.3179605'),(53053,55,'36.3721096','127.3179613'),(53054,55,'36.3721746','127.3179623'),(53055,55,'36.3723774','127.3179685'),(53056,55,'36.3726623','127.3179767'),(53057,55,'36.3727011','127.3179744'),(53058,55,'36.3740435','127.3179969'),(53059,55,'36.3740922','127.3179968'),(53060,55,'36.3740994','127.3179968'),(53061,55,'36.3741895','127.3179988'),(53062,55,'36.3754445','127.3180182'),(53063,55,'36.3757655','127.3180253'),(53064,55,'36.3758971','127.318025'),(53065,55,'36.3759665','127.3180248'),(53066,55,'36.3761973','127.3180198'),(53067,55,'36.3763172','127.3180162'),(53068,55,'36.3781203','127.318012'),(53069,55,'36.3782834','127.3180105'),(53070,55,'36.3783384','127.3180103'),(53071,55,'36.3784178','127.3180124'),(53072,55,'36.3785954','127.3180075'),(53073,55,'36.3789163','127.317999'),(53074,55,'36.3792778','127.317987'),(53075,55,'36.3792913','127.3179869'),(53076,55,'36.3795825','127.3179996'),(53077,55,'36.3795988','127.3180018'),(53078,55,'36.3797232','127.3180227'),(53079,55,'36.3797584','127.3180282'),(53080,55,'36.3797908','127.3180337'),(53081,55,'36.379808','127.318037'),(53082,55,'36.3800326','127.3180989'),(53083,55,'36.3802166','127.3181743'),(53084,55,'36.3807633','127.3184484'),(53085,55,'36.3807913','127.3184617'),(53086,55,'36.380849','127.3184884'),(53087,55,'36.3809844','127.318555'),(53088,55,'36.3815988','127.3188835'),(53089,55,'36.3817107','127.3189435'),(53090,55,'36.3825119','127.3194021'),(53091,55,'36.3825363','127.3194154'),(53092,55,'36.3825995','127.319451'),(53093,55,'36.3829532','127.3196531'),(53094,55,'36.3832744','127.3198196'),(53095,55,'36.3834621','127.3199228'),(53096,55,'36.3838627','127.3201416'),(53097,55,'36.3839709','127.3201993'),(53098,55,'36.3841081','127.3202714'),(53099,55,'36.3842894','127.3203669'),(53100,55,'36.3845592','127.3205224'),(53101,55,'36.3848051','127.3203936'),(53102,55,'36.3849195','127.3203052'),(53103,55,'36.3850627','127.320189'),(53104,55,'36.3868608','127.3186807'),(53105,55,'36.3870084','127.318551'),(53106,55,'36.387094','127.3184828'),(53107,55,'36.3873658','127.3182357'),(53108,55,'36.3874559','127.3181552'),(53109,55,'36.3875099','127.3180771'),(53110,55,'36.3876792','127.3179629'),(53111,55,'36.388152','127.3176452'),(53112,55,'36.3881925','127.3176183'),(53113,55,'36.389446','127.3166821'),(53114,55,'36.3898477','127.3163923'),(53115,55,'36.3904348','127.3159672'),(53116,55,'36.3906257','127.3158296'),(53117,55,'36.3913209','127.3153262'),(53118,55,'36.3916838','127.3150678'),(57634,81,'36.3549319','127.298422'),(57635,81,'36.3549563','127.2984353'),(57636,81,'36.3549997','127.2984909'),(57637,81,'36.3550277','127.2985733'),(57638,81,'36.3550234','127.2986447'),(57639,81,'36.3549937','127.2987283'),(57640,81,'36.3549543','127.2988477'),(57641,81,'36.3548798','127.299044'),(57642,81,'36.3550546','127.2995106'),(57643,81,'36.3550718','127.2995819'),(57644,81,'36.3550728','127.2996443'),(57645,81,'36.3550711','127.2997101'),(57646,81,'36.3550227','127.2998406'),(57647,81,'36.3550065','127.2998874'),(57648,81,'36.3549975','127.2999131'),(57649,81,'36.3549488','127.2998943'),(57650,81,'36.3549227','127.2998832'),(57651,81,'36.3547449','127.2998101'),(57652,81,'36.3546132','127.2997458'),(57653,81,'36.3543633','127.2996227'),(57654,81,'36.3542938','127.299595'),(57655,81,'36.354228','127.2995751'),(57656,81,'36.3541793','127.2995686'),(57657,81,'36.3541143','127.2995609'),(57658,81,'36.353888','127.2995504'),(57659,81,'36.3533263','127.2995128'),(57660,81,'36.3532749','127.2995218'),(57661,81,'36.3532362','127.2995398'),(57662,81,'36.3531939','127.2995833'),(57663,81,'36.3531076','127.2997151'),(57664,81,'36.3539085','127.3004932'),(57665,81,'36.3547356','127.3012323'),(57666,81,'36.354853','127.3013523'),(57667,81,'36.3550001','127.3014701'),(57668,81,'36.3552863','127.301699'),(57669,81,'36.3554506','127.3018267'),(57670,81,'36.3557186','127.301981'),(57671,81,'36.3559577','127.3021175'),(57672,81,'36.356307','127.3023105'),(57673,81,'36.356686','127.3025626'),(57674,81,'36.3570317','127.302779'),(57675,81,'36.3574163','127.3031002'),(57676,81,'36.3575426','127.3032046'),(57677,81,'36.3576393','127.3033092'),(57678,81,'36.3576628','127.3033336'),(57679,81,'36.3577404','127.3034181'),(57680,81,'36.3578695','127.303536'),(57681,81,'36.3578849','127.3035493'),(57682,81,'36.3579797','127.303636'),(57683,81,'36.3579978','127.3036527'),(57684,81,'36.3583987','127.3040284'),(57685,81,'36.3586189','127.3042118'),(57686,81,'36.3588365','127.3043784'),(57687,81,'36.3591055','127.3045828'),(57688,81,'36.3595396','127.3049117'),(57689,81,'36.3596254','127.3049739'),(57690,81,'36.3596471','127.3049894'),(57691,81,'36.3598809','127.3051772'),(57692,81,'36.3599422','127.3052172'),(57693,81,'36.3599576','127.3052283'),(57694,81,'36.3601128','127.3053516'),(57695,81,'36.3603592','127.3055271'),(57696,81,'36.3604477','127.3055771'),(57697,81,'36.3605027','127.3056081'),(57698,81,'36.3605361','127.3056225'),(57699,81,'36.3605902','127.3056458'),(57700,81,'36.3606507','127.3056724'),(57701,81,'36.3607634','127.3057212'),(57702,81,'36.3608473','127.3057511'),(57703,81,'36.3613453','127.3059382'),(57704,81,'36.3619904','127.3062331'),(57705,81,'36.362132','127.3062907'),(57706,81,'36.362862','127.306679'),(57707,81,'36.3630749','127.3067967'),(57708,81,'36.3631976','127.3068644'),(57709,81,'36.3640386','127.3073026'),(57710,81,'36.3641333','127.3073547'),(57711,81,'36.3646964','127.3076432'),(57712,81,'36.3650329','127.3078151'),(57713,81,'36.3653975','127.3080505'),(57714,81,'36.3656196','127.3082239'),(57715,81,'36.3657739','127.3083439'),(57716,81,'36.3658317','127.3083984'),(57717,81,'36.365931','127.3084906'),(57718,81,'36.3659906','127.3085485'),(57719,81,'36.3661035','127.3086942'),(57720,81,'36.3662147','127.3088455'),(57721,81,'36.3663186','127.3090248'),(57722,81,'36.3664018','127.3091628'),(57723,81,'36.3665294','127.3094846'),(57724,81,'36.3666554','127.3099068'),(57725,81,'36.3667291','127.3103269'),(57726,81,'36.36674','127.310396'),(57727,81,'36.3667803','127.3107849'),(57728,81,'36.3667987','127.3110345'),(57729,81,'36.3668025','127.3116677'),(57730,81,'36.3667943','127.312234'),(57731,81,'36.366792','127.312448'),(57732,81,'36.3667869','127.3126476'),(57733,81,'36.366786','127.3126844'),(57734,81,'36.3667834','127.312768'),(57735,81,'36.3667929','127.31306'),(57736,81,'36.3667976','127.3131826'),(57737,81,'36.3668163','127.3153619'),(57738,81,'36.3668032','127.3161779'),(57739,81,'36.3668081','127.3164264'),(57740,81,'36.3668081','127.3164454'),(57741,81,'36.3667948','127.3171811'),(57742,81,'36.3667925','127.3174676'),(57743,81,'36.366784','127.3177664'),(57744,81,'36.366786','127.3178968'),(57745,81,'36.366786','127.3179157'),(57746,81,'36.3667861','127.3179693'),(57747,81,'36.366788','127.318035'),(57748,81,'36.3667918','127.3181922'),(57749,81,'36.3667901','127.3182702'),(57750,81,'36.3667903','127.3183494'),(57751,81,'36.3667826','127.3204116'),(57752,81,'36.3667885','127.3207717'),(57753,81,'36.3668034','127.321718'),(57754,81,'36.3668233','127.3229642'),(57755,81,'36.3668234','127.3230189'),(57756,81,'36.3668235','127.3230512'),(57757,81,'36.3668236','127.3231337'),(57758,81,'36.3668246','127.3232006'),(57759,81,'36.3668247','127.3232496'),(57760,81,'36.366823','127.3233265'),(57761,81,'36.3668222','127.3233878'),(57762,81,'36.3668074','127.3237847'),(57763,81,'36.3668033','127.3240567'),(57764,81,'36.3667916','127.325274'),(57765,81,'36.3667806','127.3263743'),(57766,81,'36.3667743','127.3269996'),(57767,81,'36.3667747','127.3279126'),(57768,81,'36.3667743','127.3282871'),(57769,81,'36.3667736','127.3284499'),(57770,81,'36.3667675','127.3304742'),(57771,81,'36.3667642','127.3307072'),(57772,81,'36.3667626','127.3308499'),(57773,81,'36.3667493','127.3310116'),(57774,81,'36.3667359','127.331103'),(57775,81,'36.3667234','127.3311911'),(57776,81,'36.3666876','127.3313205'),(57777,81,'36.366658','127.3314242'),(57778,81,'36.366596','127.3315927'),(57779,81,'36.3665699','127.3316551'),(57780,81,'36.3665448','127.3317199'),(57781,81,'36.3663059','127.3323569'),(57782,81,'36.3661775','127.3327172'),(57783,81,'36.3654984','127.3345367'),(57784,81,'36.365449','127.3346706'),(57785,81,'36.3653493','127.3349495'),(57786,81,'36.3645178','127.3373501'),(57787,81,'36.3643748','127.3375588'),(57788,81,'36.3642515','127.3377474'),(57789,81,'36.3641912','127.3378089'),(57790,81,'36.3641831','127.3378133'),(57791,81,'36.3641569','127.337829'),(57792,81,'36.3640713','127.3378481'),(57793,81,'36.3638234','127.3378486'),(57794,81,'36.3637214','127.3377775'),(57795,81,'36.3636998','127.337762'),(57796,81,'36.363633','127.3377153'),(57797,81,'36.3628948','127.3371996'),(57798,81,'36.3628578','127.337174'),(57799,81,'36.3621477','127.3367074'),(57800,81,'36.3620909','127.3366752'),(57801,81,'36.362025','127.3366374'),(57802,81,'36.3619522','127.3368248'),(57803,81,'36.3618498','127.3370625'),(57804,81,'36.3615621','127.3377029'),(57805,81,'36.3615163','127.3377999'),(57806,81,'36.3614471','127.3379361'),(57807,81,'36.3613554','127.3381347'),(57808,81,'36.3612493','127.3383645'),(57809,81,'36.3612161','127.338437'),(57810,81,'36.3611603','127.3385664'),(57811,81,'36.3610498','127.3388241'),(57812,81,'36.3607352','127.3395393'),(57813,81,'36.3606912','127.3396374'),(57814,81,'36.3606444','127.3397412'),(57815,81,'36.3606354','127.3397635'),(57816,81,'36.3604332','127.3402365'),(57817,81,'36.3604162','127.3402745'),(57818,81,'36.3602076','127.3407375'),(57819,81,'36.359991','127.3412373'),(57820,81,'36.3599677','127.3413019'),(57821,81,'36.3599344','127.3413923'),(57822,81,'36.3598526','127.3415886'),(57823,81,'36.3597907','127.3417916'),(57824,81,'36.3596831','127.3422121'),(57825,81,'36.3596499','127.3423749'),(57826,81,'36.3594393','127.3432815'),(57827,81,'36.3594168','127.3433774'),(57828,81,'36.3593748','127.3435993'),(57829,81,'36.3592124','127.3435338'),(57830,81,'36.3589499','127.3434374'),(57831,81,'36.3586965','127.3433342'),(57832,81,'36.3586414','127.343312'),(57833,81,'36.3579757','127.3430358'),(57834,81,'36.3578576','127.342987'),(57835,81,'36.3573326','127.3427875'),(57836,81,'36.3570909','127.3426832'),(57837,81,'36.3569916','127.3426366'),(57838,81,'36.3562159','127.3423372'),(57839,81,'36.3557369','127.3421487'),(57840,81,'36.3556332','127.3421088'),(57841,81,'36.3554988','127.3420589'),(57842,81,'36.3553247','127.3419991'),(57843,81,'36.3551489','127.3419493'),(57844,81,'36.3543444','127.3417269'),(57845,81,'36.3541848','127.3416759'),(57846,81,'36.354155','127.3416659'),(57847,81,'36.3537094','127.341513'),(57848,81,'36.3536942','127.3415632'),(57849,81,'36.3536798','127.3416101'),(57850,81,'36.3534892','127.3420095'),(57851,81,'36.3534569','127.3420697'),(57852,81,'36.3530432','127.3435607'),(57853,81,'36.3526654','127.3449211'),(57854,81,'36.3526206','127.3450851'),(57855,81,'36.3523872','127.345908'),(57856,81,'36.3523774','127.3459437'),(57857,81,'36.3523477','127.3460396'),(57858,81,'36.3522993','127.3461991'),(57859,81,'36.3521485','127.34677'),(57860,81,'36.3519045','127.3476877'),(57861,81,'36.351874','127.3478093'),(57862,81,'36.3518551','127.3478784'),(57863,81,'36.3518327','127.3479598'),(57864,81,'36.351795','127.3480992'),(57865,81,'36.3517699','127.3481906'),(57866,81,'36.3516326','127.3487125'),(57867,81,'36.3516066','127.3488117'),(57868,81,'36.3512737','127.350055'),(57869,81,'36.3510296','127.3509672'),(57870,81,'36.3510081','127.3510497'),(57871,81,'36.3509543','127.3512771'),(57872,81,'36.3509408','127.3513407'),(57873,81,'36.3509104','127.3515046'),(57874,81,'36.3508881','127.3517364'),(57875,81,'36.3508784','127.3518591'),(57876,81,'36.3509005','127.3522502'),(57877,81,'36.350897','127.3523449'),(57878,81,'36.3508917','127.3524575'),(57879,81,'36.3508748','127.3526403'),(57880,81,'36.3508614','127.3526994'),(57881,81,'36.3508318','127.3528243'),(57882,81,'36.3507437','127.3530786'),(57883,81,'36.3506583','127.3532593'),(57884,81,'36.3505701','127.3534054'),(57885,81,'36.3505415','127.3535983'),(57886,81,'36.3505291','127.3537577'),(57887,81,'36.3505203','127.3539204'),(57888,81,'36.3505411','127.3539482'),(57889,81,'36.3506955','127.3541564'),(57890,81,'36.350793','127.3542922'),(57891,81,'36.3509889','127.3545214'),(57892,81,'36.3515451','127.355208'),(57893,81,'36.3517492','127.3554662'),(57894,81,'36.351936','127.3556876'),(57895,81,'36.3521645','127.3559848'),(57896,81,'36.3523792','127.3561148'),(57897,81,'36.3524722','127.3562216'),(57898,81,'36.3526149','127.3564298'),(57899,81,'36.352791','127.3566724'),(57900,81,'36.3529347','127.3569797'),(57901,81,'36.3530134','127.3571758'),(57902,81,'36.3530922','127.3574732'),(57903,81,'36.3531783','127.357911'),(57904,81,'36.3532446','127.3582854'),(57905,81,'36.3532673','127.3584057'),(57906,81,'36.3532745','127.3584648'),(57907,81,'36.3532764','127.3584782'),(57908,81,'36.3533816','127.3590664'),(57909,81,'36.353516','127.3598297'),(57910,81,'36.3535913','127.3602497'),(57911,81,'36.3536476','127.3605795'),(57912,81,'36.3537619','127.3612536'),(57913,81,'36.354144','127.3633939'),(57914,81,'36.3541703','127.3635354'),(57915,81,'36.3542102','127.363765'),(57916,81,'36.3542193','127.3638229'),(57917,81,'36.3542211','127.3638385'),(57918,81,'36.3542229','127.3638508'),(57919,81,'36.3542329','127.3639121'),(57920,81,'36.3542676','127.3643099'),(57921,81,'36.3542832','127.3645495'),(57922,81,'36.3542746','127.364924'),(57923,81,'36.3542579','127.3652617'),(57924,81,'36.3542329','127.3655348'),(57925,81,'36.3541829','127.365925'),(57926,81,'36.3541292','127.3663252'),(57927,81,'36.3540782','127.3666251'),(57928,81,'36.3540082','127.3668994'),(57929,81,'36.3539408','127.3671247'),(57930,81,'36.3539093','127.3671994'),(57931,81,'36.3539004','127.3672217'),(57932,81,'36.3538653','127.3673053'),(57933,81,'36.35368','127.3676824'),(57934,81,'36.3535054','127.3679791'),(57935,81,'36.3534469','127.3680784'),(57936,81,'36.3533335','127.3682725'),(57937,81,'36.3531022','127.3686218'),(57938,81,'36.3529978','127.368778'),(57939,81,'36.3529663','127.3688248'),(57940,81,'36.3523561','127.3697387'),(57941,81,'36.3523246','127.3697866'),(57942,81,'36.3521793','127.3696498'),(57943,81,'36.3517741','127.3693117'),(57944,81,'36.351683','127.3692494'),(57945,81,'36.3515333','127.3691995'),(57946,81,'36.3512998','127.3691743'),(57947,81,'36.3511492','127.3691901'),(57948,81,'36.3499196','127.3692724'),(57949,81,'36.3498159','127.3692793'),(57950,81,'36.3496825','127.3692851'),(57951,81,'36.3487378','127.3693346'),(57952,81,'36.3486431','127.3693392'),(57953,81,'36.348351','127.3693553'),(57954,81,'36.3479499','127.3693782'),(57955,81,'36.3476596','127.3693921'),(57956,81,'36.3475469','127.3693956'),(57957,81,'36.3475261','127.3693957'),(57958,81,'36.3475272','127.3695071'),(57959,81,'36.3475375','127.369876'),(57960,81,'36.3475496','127.3702248'),(57961,81,'36.3475727','127.3707898'),(57962,81,'36.3475828','127.3709625'),(57963,81,'36.3476032','127.3714305'),(57964,81,'36.3476078','127.3715497'),(57965,81,'36.3476267','127.3723009'),(57966,81,'36.347645','127.3725772'),(57967,81,'36.347649','127.3729795'),(57968,81,'36.347616','127.3732749'),(57969,81,'36.3475532','127.3735804'),(57970,81,'36.3474426','127.3738235'),(57971,81,'36.3473985','127.3739194'),(57972,81,'36.3473004','127.3741157'),(57973,81,'36.3472707','127.3741748'),(57974,81,'36.3472365','127.3742429'),(57975,81,'36.3470647','127.3745797'),(57976,81,'36.3468497','127.3749991'),(57977,81,'36.3468344','127.375047'),(57978,81,'36.3468272','127.3750704'),(57979,81,'36.3468003','127.3751741'),(57980,81,'36.3467733','127.3752555'),(57981,81,'36.3467535','127.3753146'),(57982,81,'36.3470152','127.3755215'),(57983,81,'36.3472191','127.3756716'),(57984,81,'36.3477992','127.3760997'),(57985,81,'36.3481177','127.3763255'),(57986,81,'36.3484407','127.376559'),(57987,81,'36.3484461','127.3765634'),(57988,81,'36.3485075','127.3766102'),(57989,81,'36.3487231','127.3767837'),(57990,81,'36.3487583','127.3768115'),(57991,81,'36.3487872','127.3768304'),(57992,81,'36.3488422','127.376866'),(57993,81,'36.3488431','127.376866'),(57994,81,'36.3488918','127.3769015'),(57995,81,'36.3491129','127.3770494'),(57996,81,'36.3496749','127.3773873'),(57997,81,'36.3498454','127.3774952'),(57998,81,'36.3502107','127.3777275'),(57999,81,'36.3504778','127.3778965'),(58000,81,'36.3510894','127.3782823'),(58001,81,'36.3513745','127.3784624'),(58002,81,'36.3513414','127.3786998'),(58003,81,'36.3513405','127.37874'),(58004,81,'36.3513397','127.3788414'),(58005,81,'36.3513388','127.3788748'),(58006,81,'36.3513332','127.3795045'),(58007,81,'36.3513273','127.3799325'),(58008,81,'36.3513095','127.3811072'),(58009,81,'36.3513095','127.3811328'),(58010,81,'36.3512915','127.3819765'),(58011,81,'36.3512992','127.3824992'),(58012,81,'36.3513012','127.3827478'),(58013,81,'36.3512996','127.3828904'),(58014,81,'36.3512996','127.3829372'),(58015,81,'36.3513007','127.3831534'),(58016,81,'36.3513065','127.3835625'),(58017,81,'36.3513094','127.3837229'),(58018,81,'36.3513158','127.3838745'),(58019,81,'36.3513159','127.3839492'),(58020,81,'36.3513173','127.3844117'),(58021,81,'36.3513184','127.3846123'),(58022,81,'36.3513186','127.3848608'),(58023,81,'36.3513198','127.385135'),(58024,81,'36.3513212','127.3856443'),(58025,81,'36.3513214','127.3858438'),(58026,81,'36.3513193','127.3865125'),(58027,81,'36.3513168','127.3867287'),(58028,81,'36.3513125','127.3869661'),(58029,81,'36.3513022','127.3875089'),(58030,81,'36.3512996','127.3876616'),(58031,81,'36.3512988','127.3877797'),(58032,81,'36.3512909','127.3889489'),(58033,81,'36.351293','127.3892498'),(58034,81,'36.3512855','127.3898906'),(58035,81,'36.3512856','127.389982'),(58036,81,'36.3512902','127.3901603'),(58037,81,'36.3512912','127.3901871'),(58038,81,'36.3512896','127.3904267'),(58039,81,'36.3512896','127.3904323'),(58040,81,'36.3512855','127.3908502'),(58041,81,'36.3512797','127.3914899'),(58042,81,'36.3512807','127.3916103'),(58043,81,'36.3512815','127.3924662'),(58044,81,'36.3512846','127.3929354'),(58045,81,'36.3512916','127.3936621'),(58046,81,'36.3512909','127.3939006'),(58047,81,'36.3512911','127.3941246'),(58048,81,'36.3512852','127.3945281'),(58049,81,'36.3512775','127.3950474'),(58050,81,'36.3512775','127.3950519'),(58051,81,'36.3512758','127.3951912'),(58052,81,'36.351275','127.3952369'),(58053,81,'36.3511623','127.395237'),(58054,81,'36.3509333','127.3952374'),(58055,81,'36.3507584','127.3952376'),(58056,81,'36.3506953','127.3952388'),(58057,81,'36.3504645','127.395238'),(58602,78,'36.3548993','127.2999223'),(58603,78,'36.3549227','127.2998832'),(58604,78,'36.3547449','127.2998101'),(58605,78,'36.3546132','127.2997458'),(58606,78,'36.3543633','127.2996227'),(58607,78,'36.3542938','127.299595'),(58608,78,'36.354228','127.2995751'),(58609,78,'36.3541793','127.2995686'),(58610,78,'36.3541143','127.2995609'),(58611,78,'36.353888','127.2995504'),(58612,78,'36.3533263','127.2995128'),(58613,78,'36.3532749','127.2995218'),(58614,78,'36.3532362','127.2995398'),(58615,78,'36.3531939','127.2995833'),(58616,78,'36.3531076','127.2997151'),(58617,78,'36.3539085','127.3004932'),(58618,78,'36.3547356','127.3012323'),(58619,78,'36.354853','127.3013523'),(58620,78,'36.3550001','127.3014701'),(58621,78,'36.3552863','127.301699'),(58622,78,'36.3554506','127.3018267'),(58623,78,'36.3557186','127.301981'),(58624,78,'36.3559577','127.3021175'),(58625,78,'36.356307','127.3023105'),(58626,78,'36.356686','127.3025626'),(58627,78,'36.3570317','127.302779'),(58628,78,'36.3574163','127.3031002'),(58629,78,'36.3575426','127.3032046'),(58630,78,'36.3576393','127.3033092'),(58631,78,'36.3576628','127.3033336'),(58632,78,'36.3577404','127.3034181'),(58633,78,'36.3578695','127.303536'),(58634,78,'36.3578849','127.3035493'),(58635,78,'36.3579797','127.303636'),(58636,78,'36.3579978','127.3036527'),(58637,78,'36.3583987','127.3040284'),(58638,78,'36.3586189','127.3042118'),(58639,78,'36.3588365','127.3043784'),(58640,78,'36.3591055','127.3045828'),(58641,78,'36.3595396','127.3049117'),(58642,78,'36.3596254','127.3049739'),(58643,78,'36.3596471','127.3049894'),(58644,78,'36.3598809','127.3051772'),(58645,78,'36.3599422','127.3052172'),(58646,78,'36.3599576','127.3052283'),(58647,78,'36.3601128','127.3053516'),(58648,78,'36.3603592','127.3055271'),(58649,78,'36.3604477','127.3055771'),(58650,78,'36.3605027','127.3056081'),(58651,78,'36.3605361','127.3056225'),(58652,78,'36.3605902','127.3056458'),(58653,78,'36.3606507','127.3056724'),(58654,78,'36.3607634','127.3057212'),(58655,78,'36.3608473','127.3057511'),(58656,78,'36.3613453','127.3059382'),(58657,78,'36.3619904','127.3062331'),(58658,78,'36.362132','127.3062907'),(58659,78,'36.362862','127.306679'),(58660,78,'36.3630749','127.3067967'),(58661,78,'36.3631976','127.3068644'),(58662,78,'36.3640386','127.3073026'),(58663,78,'36.3641333','127.3073547'),(58664,78,'36.3646964','127.3076432'),(58665,78,'36.3650329','127.3078151'),(58666,78,'36.3653975','127.3080505'),(58667,78,'36.3656196','127.3082239'),(58668,78,'36.3657739','127.3083439'),(58669,78,'36.3658317','127.3083984'),(58670,78,'36.365931','127.3084906'),(58671,78,'36.3659906','127.3085485'),(58672,78,'36.3661035','127.3086942'),(58673,78,'36.3662147','127.3088455'),(58674,78,'36.3663186','127.3090248'),(58675,78,'36.3664018','127.3091628'),(58676,78,'36.3665294','127.3094846'),(58677,78,'36.3666554','127.3099068'),(58678,78,'36.3667291','127.3103269'),(58679,78,'36.36674','127.310396'),(58680,78,'36.3667803','127.3107849'),(58681,78,'36.3667987','127.3110345'),(58682,78,'36.3668025','127.3116677'),(58683,78,'36.3667943','127.312234'),(58684,78,'36.366792','127.312448'),(58685,78,'36.3667869','127.3126476'),(58686,78,'36.366786','127.3126844'),(58687,78,'36.3667834','127.312768'),(58688,78,'36.3667929','127.31306'),(58689,78,'36.3667976','127.3131826'),(58690,78,'36.3668163','127.3153619'),(58691,78,'36.3668032','127.3161779'),(58692,78,'36.3668081','127.3164264'),(58693,78,'36.3668056','127.316587'),(58694,78,'36.3667948','127.3171811'),(58695,78,'36.3667925','127.3174676'),(58696,78,'36.366784','127.3177664'),(58697,78,'36.366786','127.3178968'),(58698,78,'36.366786','127.3179157'),(58699,78,'36.3667861','127.3179693'),(58700,78,'36.366788','127.318035'),(58701,78,'36.3667918','127.3181922'),(58702,78,'36.3667901','127.3182702'),(58703,78,'36.3667903','127.3183494'),(58704,78,'36.3667826','127.3204116'),(58705,78,'36.3667885','127.3207717'),(58706,78,'36.3668034','127.321718'),(58707,78,'36.3668233','127.3229642'),(58708,78,'36.3668234','127.3230189'),(58709,78,'36.3668235','127.3230512'),(58710,78,'36.3668236','127.3231337'),(58711,78,'36.3668246','127.3232006'),(58712,78,'36.3668247','127.3232496'),(58713,78,'36.366823','127.3233265'),(58714,78,'36.3668222','127.3233878'),(58715,78,'36.3668074','127.3237847'),(58716,78,'36.3668033','127.3240567'),(58717,78,'36.3667916','127.325274'),(58718,78,'36.3667806','127.3263743'),(58719,78,'36.3667743','127.3269996'),(58720,78,'36.3667747','127.3279126'),(58721,78,'36.3667743','127.3282871'),(58722,78,'36.3667736','127.3284499'),(58723,78,'36.3667675','127.3304742'),(58724,78,'36.3667642','127.3307072'),(58725,78,'36.3667626','127.3308499'),(58726,78,'36.3667493','127.3310116'),(58727,78,'36.3667359','127.331103'),(58728,78,'36.3667234','127.3311911'),(58729,78,'36.3666876','127.3313205'),(58730,78,'36.366658','127.3314242'),(58731,78,'36.366596','127.3315927'),(58732,78,'36.3665699','127.3316551'),(58733,78,'36.3665448','127.3317199'),(58734,78,'36.3663059','127.3323569'),(58735,78,'36.3661775','127.3327172'),(58736,78,'36.3654984','127.3345367'),(58737,78,'36.365449','127.3346706'),(58738,78,'36.3653493','127.3349495'),(58739,78,'36.3645178','127.3373501'),(58740,78,'36.3643748','127.3375588'),(58741,78,'36.3643424','127.337609'),(58742,78,'36.3642515','127.3377474'),(58743,78,'36.3641912','127.3378089'),(58744,78,'36.3641569','127.337829'),(58745,78,'36.3640713','127.3378481'),(58746,78,'36.3638234','127.3378486'),(58747,78,'36.3637214','127.3377775'),(58748,78,'36.3636998','127.337762'),(58749,78,'36.363633','127.3377153'),(58750,78,'36.3628948','127.3371996'),(58751,78,'36.3628578','127.337174'),(58752,78,'36.3621477','127.3367074'),(58753,78,'36.3620909','127.3366752'),(58754,78,'36.362025','127.3366374'),(58755,78,'36.3619522','127.3368248'),(58756,78,'36.3618498','127.3370625'),(58757,78,'36.3615621','127.3377029'),(58758,78,'36.3615163','127.3377999'),(58759,78,'36.3614471','127.3379361'),(58760,78,'36.3613554','127.3381347'),(58761,78,'36.3612493','127.3383645'),(58762,78,'36.3612161','127.338437'),(58763,78,'36.3611603','127.3385664'),(58764,78,'36.3610498','127.3388241'),(58765,78,'36.3607352','127.3395393'),(58766,78,'36.3606912','127.3396374'),(58767,78,'36.3606444','127.3397412'),(58768,78,'36.3606354','127.3397635'),(58769,78,'36.3604332','127.3402365'),(58770,78,'36.3604162','127.3402745'),(58771,78,'36.3602076','127.3407375'),(58772,78,'36.359991','127.3412373'),(58773,78,'36.3599694','127.3412953'),(58774,78,'36.3599344','127.3413923'),(58775,78,'36.3598526','127.3415886'),(58776,78,'36.3597907','127.3417916'),(58777,78,'36.3596831','127.3422121'),(58778,78,'36.3596499','127.3423749'),(58779,78,'36.3594393','127.3432815'),(58780,78,'36.3594168','127.3433774'),(58781,78,'36.3593748','127.3435993'),(58782,78,'36.3594523','127.3436314'),(58783,78,'36.3595245','127.3436625'),(58784,78,'36.3595985','127.3436891'),(58785,78,'36.3601478','127.3438831'),(58786,78,'36.3602831','127.3439374'),(58787,78,'36.3606691','127.3440827'),(58788,78,'36.3607909','127.3441248'),(58789,78,'36.3616081','127.3444375'),(58790,78,'36.3619761','127.3445816'),(58791,78,'36.3620419','127.3446049'),(58792,78,'36.3621998','127.3446614'),(58793,78,'36.3622316','127.3448877'),(58794,78,'36.3622255','127.3450237'),(58795,78,'36.3622229','127.3450794'),(58796,78,'36.3620414','127.3456114'),(58797,78,'36.3619911','127.3457498'),(58798,78,'36.3619327','127.3458992'),(58799,78,'36.3616938','127.3465886'),(58800,78,'36.3614288','127.3473515'),(58801,78,'36.3614064','127.3474195'),(58802,78,'36.3613992','127.3474396'),(58803,78,'36.3613884','127.3474708'),(58804,78,'36.3613579','127.3475623'),(58805,78,'36.361233','127.3478869'),(58806,78,'36.3609581','127.3486866'),(58807,78,'36.3607409','127.3494617'),(58808,78,'36.3606037','127.3500126'),(58809,78,'36.3605992','127.3500338'),(58810,78,'36.360592','127.3500673'),(58811,78,'36.3605875','127.3500851'),(58812,78,'36.3605795','127.3501219'),(58813,78,'36.3605723','127.3501609'),(58814,78,'36.3604909','127.350637'),(58815,78,'36.3604157','127.3510719'),(58816,78,'36.3603683','127.351422'),(58817,78,'36.360363','127.3514666'),(58818,78,'36.3603514','127.3516003'),(58819,78,'36.3603426','127.3517687'),(58820,78,'36.3603367','127.3521231'),(58821,78,'36.3603359','127.3522078'),(58822,78,'36.3603579','127.3524865'),(58823,78,'36.3603909','127.3529245'),(58824,78,'36.3604246','127.3531874'),(58825,78,'36.3604999','127.3535496'),(58826,78,'36.3605144','127.3535941'),(58827,78,'36.3605705','127.3538058'),(58828,78,'36.3606139','127.3539395'),(58829,78,'36.3606673','127.354111'),(58830,78,'36.3608936','127.3548217'),(58831,78,'36.3612158','127.3558499'),(58832,78,'36.3614744','127.3565105'),(58833,78,'36.3615486','127.3566998'),(58834,78,'36.361911','127.3574605'),(58835,78,'36.36192','127.3574805'),(58836,78,'36.361986','127.3576175'),(58837,78,'36.3620782','127.3577879'),(58838,78,'36.3621676','127.3579649'),(58839,78,'36.3622589','127.3581442'),(58840,78,'36.362333','127.3582868'),(58841,78,'36.3626158','127.3587745'),(58842,78,'36.362921','127.3592421'),(58843,78,'36.3630348','127.3594158'),(58844,78,'36.363071','127.3594703'),(58845,78,'36.3631269','127.3595482'),(58846,78,'36.3632389','127.3596985'),(58847,78,'36.3633121','127.3597965'),(58848,78,'36.3638241','127.3605491'),(58849,78,'36.3643572','127.3615781'),(58850,78,'36.3644331','127.361724'),(58851,78,'36.364584','127.362028'),(58852,78,'36.3649075','127.362674'),(58853,78,'36.3650666','127.3630416'),(58854,78,'36.3652908','127.3635617'),(58855,78,'36.3654399','127.3638803'),(58856,78,'36.3654526','127.3639104'),(58857,78,'36.3654996','127.3640173'),(58858,78,'36.3655077','127.3640362'),(58859,78,'36.365712','127.364523'),(58860,78,'36.3657328','127.3645742'),(58861,78,'36.3659497','127.3650376'),(58862,78,'36.3661828','127.3655366'),(58863,78,'36.366461','127.3659541'),(58864,78,'36.3670543','127.3668437'),(58865,78,'36.3671094','127.3669261'),(58866,78,'36.3672195','127.3670921'),(58867,78,'36.3672332','127.3672425'),(58868,78,'36.3672289','127.3673774'),(58869,78,'36.3671732','127.3676038'),(58870,78,'36.3671544','127.3676863'),(58871,78,'36.3656748','127.3691903'),(58872,78,'36.3654524','127.3694437'),(58873,78,'36.3654056','127.3695074'),(58874,78,'36.3653741','127.3695587'),(58875,78,'36.3652895','127.3697004'),(58876,78,'36.3652427','127.3697908'),(58877,78,'36.3651762','127.3699324'),(58878,78,'36.3649683','127.3702416'),(58879,78,'36.3649584','127.3702717'),(58880,78,'36.3648901','127.3705137'),(58881,78,'36.3648437','127.3709306'),(58882,78,'36.3647992','127.3723497'),(58883,78,'36.3647873','127.3729673'),(58884,78,'36.3647849','127.3732995'),(58885,78,'36.3647802','127.3739683'),(58886,78,'36.3647743','127.3743116'),(58887,78,'36.3647701','127.3746516'),(58888,78,'36.364766','127.3749994'),(58889,78,'36.3647729','127.3755924'),(58890,78,'36.3646994','127.3759994'),(58891,78,'36.3646992','127.3766615'),(58892,78,'36.3646943','127.3780694'),(58893,78,'36.3646944','127.3781039'),(58894,78,'36.3646935','127.3781641'),(58895,78,'36.3646811','127.3792699'),(58896,78,'36.3646822','127.379436'),(58897,78,'36.3646832','127.3794995'),(58898,78,'36.3649744','127.3794991'),(58899,78,'36.3649996','127.3794991'),(58900,78,'36.3651168','127.3795'),(58901,78,'36.3660661','127.3795164'),(58902,78,'36.3660833','127.3795163'),(58903,78,'36.3672553','127.3795357'),(58904,78,'36.3673499','127.3795367'),(58905,78,'36.3674401','127.3795388'),(58906,78,'36.3678539','127.3795437'),(58907,78,'36.3679522','127.3795458'),(58908,78,'36.3679657','127.3795458'),(58909,78,'36.368146','127.3795488'),(58910,78,'36.3682136','127.3795498'),(58911,78,'36.3682398','127.3795498'),(58912,78,'36.3683092','127.3795497'),(58913,78,'36.3684318','127.3795495'),(58914,78,'36.3685788','127.3795482'),(58915,78,'36.3690349','127.3795486'),(58916,78,'36.3691648','127.3795495'),(58917,78,'36.3697075','127.3795498'),(58918,78,'36.3702836','127.37955'),(58919,78,'36.3708353','127.3795491'),(58920,78,'36.3709408','127.379549'),(58921,78,'36.3711662','127.3795431'),(58922,78,'36.3712572','127.3795418'),(58923,78,'36.3717125','127.3795478'),(58924,78,'36.3742224','127.3795796'),(58925,78,'36.3744685','127.3795826'),(58926,78,'36.3745461','127.3795891'),(58927,78,'36.3746272','127.3795957'),(58928,78,'36.3746434','127.3795968'),(58929,78,'36.3749121','127.3796042'),(58930,78,'36.3749328','127.379603'),(58931,78,'36.375169','127.3795915'),(58932,78,'36.3752529','127.3795802'),(58933,78,'36.3755251','127.3795296'),(58934,78,'36.3758','127.3794623'),(58935,78,'36.3765507','127.379217'),(58936,78,'36.376585','127.3792058'),(58937,78,'36.3766408','127.3791868'),(58938,78,'36.3768499','127.379124'),(58939,78,'36.3771771','127.3790187'),(58940,78,'36.3773348','127.3789661'),(58941,78,'36.3777079','127.3788495'),(58942,78,'36.3777917','127.378826'),(58943,78,'36.3778774','127.3788013'),(58944,78,'36.3780162','127.3787621'),(58945,78,'36.3782036','127.3787194'),(58946,78,'36.3786444','127.3786351'),(58947,78,'36.3788481','127.3786125'),(58948,78,'36.3789581','127.378599'),(58949,78,'36.3791113','127.3785898'),(58950,78,'36.3793836','127.3785872'),(58951,78,'36.3794738','127.378587'),(58952,78,'36.3795297','127.3785903'),(58953,78,'36.3797163','127.3785878'),(58954,78,'36.379874','127.378592'),(58955,78,'36.3812832','127.378611'),(58956,78,'36.3813246','127.378612'),(58957,78,'36.382127','127.3786063'),(58958,78,'36.3822208','127.3786084'),(58959,78,'36.3826075','127.3786123'),(58960,78,'36.3828744','127.3786241'),(58961,78,'36.3830998','127.3786249'),(58962,78,'36.3833243','127.3786245'),(58963,78,'36.3835632','127.3786253'),(58964,78,'36.3837498','127.378625'),(58965,78,'36.3842014','127.3786154'),(58966,78,'36.3844998','127.3786116'),(58967,78,'36.3850408','127.3786063'),(58968,78,'36.3853752','127.3786024'),(58969,78,'36.3855637','127.378601'),(58970,78,'36.3856493','127.3785997'),(58971,78,'36.3856917','127.3785997'),(58972,78,'36.3857881','127.3786017'),(58973,78,'36.3857999','127.3786017'),(58974,78,'36.385963','127.3786048'),(58975,78,'36.3866888','127.3786204'),(58976,78,'36.3868583','127.3786246'),(58977,78,'36.3870097','127.3786255'),(58978,78,'36.3872577','127.3786273'),(58979,78,'36.3879329','127.3786241'),(58980,78,'36.3880564','127.378625'),(58981,78,'36.3882241','127.3786258'),(58982,78,'36.3883684','127.3786256'),(58983,78,'36.3885414','127.3786231'),(58984,78,'36.3885784','127.3786231'),(58985,78,'36.3885898','127.3783097'),(58986,78,'36.3885914','127.3780555'),(58987,78,'36.3885918','127.3776585'),(58988,78,'36.3885924','127.3772906'),(58989,78,'36.3885928','127.3768334'),(58990,78,'36.3885927','127.3767665'),(58991,78,'36.3885916','127.376587'),(58992,78,'36.3886076','127.3763617'),(58993,78,'36.3887081','127.3758743'),(58994,78,'36.3888079','127.3755865'),(58995,78,'36.3890355','127.3751579'),(58996,78,'36.3890832','127.3750798'),(58997,78,'36.3891327','127.3749994'),(58998,78,'36.3892911','127.3747494'),(58999,78,'36.3893911','127.3746244'),(59000,78,'36.3896495','127.3743374'),(59001,78,'36.3899243','127.3741619'),(59002,78,'36.3900748','127.3740992'),(59003,78,'36.3901415','127.3740745'),(59004,78,'36.3904182','127.373996'),(59005,78,'36.3910166','127.3738245'),(59006,78,'36.3920251','127.3735463'),(59007,78,'36.3929841','127.3732827'),(59008,78,'36.3931499','127.3732367'),(59009,78,'36.393533','127.3731491'),(59010,78,'36.3939242','127.3731373'),(59011,78,'36.3943327','127.3731868'),(59012,78,'36.3953841','127.3733903'),(59013,78,'36.3955103','127.3734113'),(59014,78,'36.3968691','127.3736154'),(59015,78,'36.3974832','127.3737081'),(59016,78,'36.3975959','127.3737269'),(59017,78,'36.3983632','127.3738706'),(59018,78,'36.3993164','127.3740497'),(59019,78,'36.3995219','127.3740918'),(59020,78,'36.4006247','127.374274'),(59021,78,'36.4011261','127.374359'),(59022,78,'36.4015084','127.3744744'),(59023,78,'36.4016131','127.37452'),(59024,78,'36.4018332','127.3746367'),(59025,78,'36.4019784','127.374719'),(59026,78,'36.4020911','127.3747824'),(59027,78,'36.4024024','127.3749994'),(59028,78,'36.4027155','127.3752141'),(59029,78,'36.4037268','127.3759073'),(59030,78,'36.403789','127.3759496'),(59031,78,'36.4042483','127.3762645'),(59032,78,'36.4043096','127.3763067'),(59033,78,'36.4044287','127.3763857'),(59034,78,'36.4046244','127.3765114'),(59035,78,'36.4049113','127.3766582'),(59036,78,'36.4051521','127.3767102'),(59037,78,'36.4053405','127.3767601'),(59038,78,'36.4055317','127.3767743'),(59039,78,'36.4059824','127.3767591'),(59040,78,'36.4065566','127.3767069'),(59041,78,'36.4069127','127.3766818'),(59042,78,'36.4073671','127.3766978'),(59043,78,'36.4077376','127.3767106'),(59044,78,'36.4083219','127.3767722'),(59045,78,'36.408862','127.3768773'),(59046,78,'36.4091497','127.3769471'),(59047,78,'36.4094247','127.3770292'),(59048,78,'36.4096691','127.3771046'),(59049,78,'36.4102022','127.3773257'),(59050,78,'36.4110391','127.3776724'),(59051,78,'36.4111185','127.3777024'),(59052,78,'36.4113918','127.3778124'),(59053,78,'36.4115162','127.3778624'),(59054,78,'36.4116614','127.3779135'),(59055,78,'36.4117931','127.3779601'),(59056,78,'36.4121602','127.3780912'),(59057,78,'36.4121737','127.3780934'),(59058,78,'36.4124821','127.378152'),(59059,78,'36.4126128','127.3781774'),(59060,78,'36.4127769','127.3782129'),(59061,78,'36.4131331','127.3782748'),(59062,78,'36.4135163','127.3782998'),(59063,78,'36.413848','127.3782815'),(59064,78,'36.4139914','127.3782746'),(59065,78,'36.414762','127.3781083'),(59066,78,'36.4152929','127.3779937'),(59067,78,'36.4157264','127.3779004'),(59068,78,'36.4162465','127.3777881'),(59069,78,'36.4163078','127.3777746'),(59070,78,'36.4166008','127.377734'),(59071,78,'36.4166296','127.3777295'),(59072,78,'36.4166666','127.3777249'),(59073,78,'36.4166774','127.3777238'),(59074,78,'36.4167846','127.3777136'),(59075,78,'36.4168414','127.3777079'),(59076,78,'36.416992','127.3777044'),(59077,78,'36.4170596','127.3777187'),(59078,78,'36.4171372','127.3777432'),(59079,78,'36.4172391','127.3778099'),(59080,78,'36.4172698','127.37783'),(59081,78,'36.4174557','127.3779936'),(59082,78,'36.4174683','127.3780048'),(59083,78,'36.417804','127.3783255'),(59084,78,'36.4179746','127.378487'),(59085,78,'36.4180116','127.3785215'),(59086,78,'36.4180819','127.3785861'),(59087,78,'36.4181965','127.378693'),(59088,78,'36.4184808','127.3789569'),(59089,78,'36.4188065','127.3792609'),(59090,78,'36.4195745','127.3799748'),(59091,78,'36.4197613','127.3801574'),(59092,78,'36.4198407','127.3802365'),(59093,78,'36.420254','127.3806073'),(59094,78,'36.4209037','127.3812377'),(59095,78,'36.4211663','127.3814827'),(59096,78,'36.4212294','127.3815473'),(59097,78,'36.4225685','127.3827656'),(59098,78,'36.4228374','127.3830107'),(59099,78,'36.4234302','127.3835162'),(59100,78,'36.4235132','127.3835797'),(59101,78,'36.4238037','127.3837655'),(59102,78,'36.4246651','127.3841982'),(59103,78,'36.4246912','127.3842115'),(59104,78,'36.4247481','127.3842371'),(59105,78,'36.4247868','127.3842549'),(59106,78,'36.4254155','127.3845384'),(59107,78,'36.4258764','127.3847475'),(59108,78,'36.4262372','127.38495'),(59109,78,'36.4268189','127.3852169'),(59110,78,'36.4272284','127.3854059'),(59111,78,'36.4272906','127.3854348'),(59112,78,'36.4281267','127.3858207'),(59113,78,'36.4283278','127.3859186'),(59114,78,'36.4284316','127.3859765'),(59115,78,'36.4284731','127.3859998'),(59116,78,'36.4285939','127.3860565'),(59117,78,'36.4289231','127.3862067'),(59118,78,'36.4292415','127.3863445'),(59119,78,'36.4300415','127.3867316'),(59120,78,'36.430451','127.3869173'),(59121,78,'36.4310535','127.3872009'),(59122,78,'36.4315947','127.3874724'),(59123,78,'36.4318274','127.387587'),(59124,78,'36.4320213','127.3876849'),(59125,78,'36.433394','127.3883199'),(59126,78,'36.4335798','127.3884134'),(59127,78,'36.4339171','127.3885836'),(59128,78,'36.4340064','127.3886515'),(59129,78,'36.4340895','127.3887228'),(59130,78,'36.434266','127.3885184'),(59131,78,'36.4343632','127.3884111'),(59132,78,'36.4344488','127.3883084'),(59133,78,'36.4349261','127.3878'),(59134,78,'36.434954','127.3877665'),(59135,78,'36.4349711','127.3877453'),(59136,78,'36.4350747','127.3876369'),(59137,78,'36.4352188','127.3874861'),(59138,78,'36.435299','127.3874034'),(59139,76,'36.3482814','127.4335805'),(59140,76,'36.3482778','127.4335827'),(59141,76,'36.3482282','127.4336106'),(59142,76,'36.3481263','127.433672'),(59143,76,'36.3477896','127.4327596'),(59144,76,'36.3477507','127.432647'),(59145,76,'36.3476975','127.4325457'),(59146,76,'36.3475423','127.432265'),(59147,76,'36.3474746','127.432099'),(59148,76,'36.3474619','127.4320678'),(59149,76,'36.3473645','127.4319029'),(59150,76,'36.3473545','127.4318873'),(59151,76,'36.3472932','127.4317826'),(59152,76,'36.3470793','127.4315265'),(59153,76,'36.3469386','127.4313628'),(59154,76,'36.3469161','127.4313372'),(59155,76,'36.3468096','127.4312024'),(59156,76,'36.3463829','127.4306623'),(59157,76,'36.3459615','127.4301567'),(59158,76,'36.3458885','127.4300688'),(59159,76,'36.3458876','127.4300676'),(59160,76,'36.3458443','127.4300153'),(59161,76,'36.3457577','127.4299117'),(59162,76,'36.3455384','127.4296244'),(59163,76,'36.3446552','127.4285899'),(59164,76,'36.3445044','127.4282803'),(59165,76,'36.3444359','127.4281889'),(59166,76,'36.3442717','127.4279796'),(59167,76,'36.3441047','127.4277535'),(59168,76,'36.3438719','127.4274049'),(59169,76,'36.3437645','127.4272078'),(59170,76,'36.3436652','127.4269816'),(59171,76,'36.3435632','127.4266842'),(59172,76,'36.3429271','127.4244304'),(59173,76,'36.3427735','127.423889'),(59174,76,'36.3427273','127.4236316'),(59175,76,'36.3427218','127.4234065'),(59176,76,'36.3427388','127.4231691'),(59177,76,'36.3427883','127.4230988'),(59178,76,'36.3429108','127.4229149'),(59179,76,'36.3429225','127.4228948'),(59180,76,'36.3430063','127.4227699'),(59181,76,'36.3431495','127.4225625'),(59182,76,'36.3433323','127.4223116'),(59183,76,'36.3433494','127.422287'),(59184,76,'36.3435179','127.4220517'),(59185,76,'36.3438511','127.4215867'),(59186,76,'36.3440745','127.4212744'),(59187,76,'36.3442727','127.4210001'),(59188,76,'36.3442997','127.4209622'),(59189,76,'36.3443663','127.4208618'),(59190,76,'36.3444042','127.4208049'),(59191,76,'36.3444078','127.4207994'),(59192,76,'36.3444312','127.4207659'),(59193,76,'36.3445258','127.4206365'),(59194,76,'36.3446528','127.4204648'),(59195,76,'36.3447158','127.4203722'),(59196,76,'36.3447572','127.4203176'),(59197,76,'36.3451076','127.4198614'),(59198,76,'36.3452842','127.4196306'),(59199,76,'36.3454103','127.4194655'),(59200,76,'36.3454409','127.4194242'),(59201,76,'36.3456697','127.4191264'),(59202,76,'36.3458363','127.4188956'),(59203,76,'36.3460408','127.4186123'),(59204,76,'36.3461876','127.4184249'),(59205,76,'36.346266','127.4183246'),(59206,76,'36.3464524','127.4180903'),(59207,76,'36.3469956','127.4174044'),(59208,76,'36.3470577','127.4173241'),(59209,76,'36.3472334','127.4171144'),(59210,76,'36.3473073','127.4170307'),(59211,76,'36.3478532','127.4164094'),(59212,76,'36.3479811','127.4162499'),(59213,76,'36.3481351','127.4160747'),(59214,76,'36.3483','127.4158907'),(59215,76,'36.3486656','127.415362'),(59216,76,'36.3488494','127.4150999'),(59217,76,'36.3489241','127.4150118'),(59218,76,'36.3490917','127.4148121'),(59219,76,'36.3492006','127.4146738'),(59220,76,'36.3496582','127.4141228'),(59221,76,'36.3497429','127.4140213'),(59222,76,'36.3498582','127.413874'),(59223,76,'36.3500411','127.4136554'),(59224,76,'36.3500906','127.4135974'),(59225,76,'36.3501987','127.4134657'),(59226,76,'36.3504176','127.4132014'),(59227,76,'36.3506301','127.4129448'),(59228,76,'36.3507481','127.4127786'),(59229,76,'36.3508706','127.4126258'),(59230,76,'36.350967','127.4124986'),(59231,76,'36.3510246','127.4124239'),(59232,76,'36.3512831','127.4120993'),(59233,76,'36.3516578','127.4116241'),(59234,76,'36.3518659','127.4113697'),(59235,76,'36.3519749','127.411237'),(59236,76,'36.3521262','127.4110607'),(59237,76,'36.352428','127.4107026'),(59238,76,'36.3530206','127.4099563'),(59239,76,'36.3530675','127.4098927'),(59240,76,'36.3531179','127.4098325'),(59241,76,'36.3532134','127.4097176'),(59242,76,'36.3533206','127.4095848'),(59243,76,'36.3540672','127.4086634'),(59244,76,'36.3546022','127.4079962'),(59245,76,'36.354677','127.4079014'),(59246,76,'36.3549031','127.4076069'),(59247,76,'36.3552192','127.4072231'),(59248,76,'36.3553822','127.4070257'),(59249,76,'36.3554597','127.4069275'),(59250,76,'36.3555822','127.4067847'),(59251,76,'36.3559244','127.4063607'),(59252,76,'36.3563883','127.4057929'),(59253,76,'36.356563','127.4055352'),(59254,76,'36.3566269','127.405456'),(59255,76,'36.3566693','127.4054136'),(59256,76,'36.356726','127.4053656'),(59257,76,'36.3567918','127.4053287'),(59258,76,'36.3568278','127.4053142'),(59259,76,'36.3569135','127.4052862'),(59260,76,'36.3569423','127.4052761'),(59261,76,'36.3569422','127.4051045'),(59262,76,'36.3569583','127.4049373'),(59263,76,'36.3570355','127.4045894'),(59264,76,'36.3570463','127.4045359'),(59265,76,'36.3571047','127.4042316'),(59266,76,'36.3575616','127.4018647'),(59267,76,'36.3575874','127.40141'),(59268,76,'36.3576026','127.4013208'),(59269,76,'36.3576358','127.4011201'),(59270,76,'36.3576653','127.4007712'),(59271,76,'36.357675','127.4005048'),(59272,76,'36.3576856','127.4003086'),(59273,76,'36.3576995','127.3995997'),(59274,76,'36.3576932','127.3975166'),(59275,76,'36.3576921','127.3973126'),(59276,76,'36.3576911','127.3971365'),(59277,76,'36.3576909','127.3969247'),(59278,76,'36.3576898','127.3966561'),(59279,76,'36.3576855','127.3958759'),(59280,76,'36.3576833','127.3954891'),(59281,76,'36.3576831','127.3952762'),(59282,76,'36.3576831','127.3952417'),(59283,76,'36.3576829','127.3950477'),(59284,76,'36.3576829','127.3950433'),(59285,76,'36.3576826','127.3936021'),(59286,76,'36.3576951','127.3925354'),(59287,76,'36.3577205','127.3906807'),(59288,76,'36.3577248','127.3904266'),(59289,76,'36.3577247','127.3902951'),(59290,76,'36.3577246','127.3902115'),(59291,76,'36.3577245','127.3900911'),(59292,76,'36.3577215','127.3898069'),(59293,76,'36.3577076','127.3884371'),(59294,76,'36.3577171','127.3870026'),(59295,76,'36.357716','127.3867741'),(59296,76,'36.3577176','127.3865701'),(59297,76,'36.3577175','127.3864508'),(59298,76,'36.3577226','127.3852448'),(59299,76,'36.3577198','127.3850799'),(59300,76,'36.3577232','127.3849261'),(59301,76,'36.3577266','127.3846485'),(59302,76,'36.3577264','127.384507'),(59303,76,'36.3577307','127.3833712'),(59304,76,'36.3577315','127.3832475'),(59305,76,'36.3577323','127.3831873'),(59306,76,'36.3577314','127.3831305'),(59307,76,'36.3577303','127.3829532'),(59308,76,'36.3577344','127.3825587'),(59309,76,'36.3577811','127.3823836'),(59310,76,'36.3577828','127.3822866'),(59311,76,'36.3578411','127.3819745'),(59312,76,'36.3578436','127.3817214'),(59313,76,'36.3578486','127.3813068'),(59314,76,'36.357865','127.3805767'),(59315,76,'36.3578676','127.3804753'),(59316,76,'36.3578724','127.3799102'),(59317,76,'36.357875','127.379724'),(59318,76,'36.3578747','127.3794498'),(59319,76,'36.3578741','127.3789204'),(59320,76,'36.3578748','127.3787242'),(59321,76,'36.3578817','127.3783408'),(59322,76,'36.3578843','127.3782394'),(59323,76,'36.3578904','127.3780532'),(59324,76,'36.3578997','127.3774625'),(59325,76,'36.3578997','127.3766232'),(59326,76,'36.357902','127.3761863'),(59327,76,'36.3578277','127.3758576'),(59328,76,'36.3578277','127.3758464'),(59329,76,'36.3578413','127.3749993'),(59330,76,'36.357841','127.3747976'),(59331,76,'36.3578408','127.3746036'),(59332,76,'36.3578398','127.3744866'),(59333,76,'36.3578406','127.3744175'),(59334,76,'36.3578406','127.3743941'),(59335,76,'36.3578414','127.3743116'),(59336,76,'36.3578449','127.3741556'),(59337,76,'36.3578474','127.373965'),(59338,76,'36.3578576','127.3725751'),(59339,76,'36.3578576','127.3725606'),(59340,76,'36.3578665','127.3716243'),(59341,76,'36.3578662','127.3713122'),(59342,76,'36.357866','127.3710893'),(59343,76,'36.3578666','127.3708664'),(59344,76,'36.3578666','127.3708619'),(59345,76,'36.3578664','127.3689994'),(59346,76,'36.3578663','127.3688846'),(59347,76,'36.3578662','127.36882'),(59348,76,'36.3578661','127.3687386'),(59349,76,'36.3578669','127.3686717'),(59350,76,'36.357866','127.3686171'),(59351,76,'36.3578658','127.3684856'),(59352,76,'36.3578666','127.368412'),(59353,76,'36.3578836','127.3682582'),(59354,76,'36.3578997','127.3681099'),(59355,76,'36.3579184','127.3679293'),(59356,76,'36.3580495','127.3666741'),(59357,76,'36.3580853','127.3663786'),(59358,76,'36.3581514','127.365829'),(59359,76,'36.3581523','127.365819'),(59360,76,'36.3581576','127.3657722'),(59361,76,'36.3581517','127.3653743'),(59362,76,'36.358158','127.3653118'),(59363,76,'36.3582527','127.3645504'),(59364,76,'36.3583099','127.3641067'),(59365,76,'36.3583331','127.3639294'),(59366,76,'36.3583599','127.363731'),(59367,76,'36.358469','127.3629361'),(59368,76,'36.3585272','127.3625236'),(59369,76,'36.3585558','127.3623184'),(59370,76,'36.3585915','127.362062'),(59371,76,'36.3586827','127.3613619'),(59372,76,'36.3587102','127.3609918'),(59373,76,'36.3587173','127.3609004'),(59374,76,'36.3587262','127.3608045'),(59375,76,'36.3587298','127.3607532'),(59376,76,'36.3587387','127.3606696'),(59377,76,'36.358769','127.3603954'),(59378,76,'36.3588191','127.3600698'),(59379,76,'36.3588477','127.3598558'),(59380,76,'36.3588799','127.3596194'),(59381,76,'36.3588897','127.3595514'),(59382,76,'36.3589845','127.3588579'),(59383,76,'36.3590006','127.3587398'),(59384,76,'36.3591775','127.3574454'),(59385,76,'36.3591901','127.357374'),(59386,76,'36.3592125','127.3572614'),(59387,76,'36.359383','127.3566503'),(59388,76,'36.3596689','127.3544885'),(59389,76,'36.3597171','127.3541184'),(59390,76,'36.35976','127.3537928'),(59391,76,'36.3599324','127.3524962'),(59392,76,'36.3599574','127.3522587'),(59393,76,'36.3599752','127.3520893'),(59394,76,'36.3600241','127.3515742'),(59395,76,'36.3600465','127.3513992'),(59396,76,'36.36005','127.351368'),(59397,76,'36.3600991','127.3509744'),(59398,76,'36.3601742','127.3504493'),(59399,76,'36.3602002','127.3503177'),(59400,76,'36.3602414','127.3501114'),(59401,76,'36.3602934','127.3498906'),(59402,76,'36.3603328','127.3497245'),(59403,76,'36.3604163','127.3494122'),(59404,76,'36.3605913','127.3488122'),(59405,76,'36.3609112','127.3479678'),(59406,76,'36.3609472','127.3478774'),(59407,76,'36.3611406','127.3475995'),(59408,76,'36.3612242','127.3473865'),(59409,76,'36.3612449','127.3473329'),(59410,76,'36.3619834','127.3453218'),(59411,76,'36.3620957','127.3450451'),(59412,76,'36.3621998','127.3446614'),(59413,76,'36.3620419','127.3446049'),(59414,76,'36.3619761','127.3445816'),(59415,76,'36.3616081','127.3444375'),(59416,76,'36.3610046','127.3442068'),(59417,76,'36.3610028','127.3442057'),(59418,76,'36.3607909','127.3441248'),(59419,76,'36.3606691','127.3440827'),(59420,76,'36.3602831','127.3439374'),(59421,76,'36.3601478','127.3438831'),(59422,76,'36.3595245','127.3436625'),(59423,76,'36.3594523','127.3436314'),(59424,76,'36.3593748','127.3435993'),(59425,76,'36.3592124','127.3435338'),(59426,76,'36.3589499','127.3434374'),(59427,76,'36.3586965','127.3433342'),(59428,76,'36.3586414','127.343312'),(59429,76,'36.3579757','127.3430358'),(59430,76,'36.3578576','127.342987'),(59431,76,'36.3573326','127.3427875'),(59432,76,'36.3570909','127.3426832'),(59433,76,'36.3569916','127.3426366'),(59434,76,'36.3562159','127.3423372'),(59435,76,'36.3557369','127.3421487'),(59436,76,'36.3556332','127.3421088'),(59437,76,'36.3554988','127.3420589'),(59438,76,'36.3553247','127.3419991'),(59439,76,'36.3551489','127.3419493'),(59440,76,'36.3543444','127.3417269'),(59441,76,'36.3541848','127.3416759'),(59442,76,'36.354155','127.3416659'),(59443,76,'36.3540286','127.3414845'),(59444,76,'36.3539436','127.3413331'),(59445,76,'36.3539192','127.3412529'),(59446,76,'36.3538764','127.3409956'),(59447,76,'36.3540326','127.3404625'),(59448,76,'36.3542641','127.3396484'),(59449,76,'36.3542838','127.3395726'),(59450,76,'36.3543853','127.339228'),(59451,76,'36.3544301','127.3390908'),(59452,76,'36.3544813','127.3389346'),(59453,76,'36.3546833','127.3382867'),(59454,76,'36.3548833','127.3374871'),(59455,76,'36.3550321','127.3368805'),(59456,76,'36.3550626','127.3367467'),(59457,76,'36.3551137','127.3365515'),(59458,76,'36.3552491','127.3360374'),(59459,76,'36.3553415','127.3356739'),(59460,76,'36.3554105','127.3354052'),(59461,76,'36.355441','127.3352747'),(59462,76,'36.355641','127.3345364'),(59463,76,'36.3557666','127.334087'),(59464,76,'36.3558276','127.3338584'),(59465,76,'36.3558554','127.3337524'),(59466,76,'36.3558859','127.3336286'),(59467,76,'36.3560186','127.3331179'),(59468,76,'36.3561083','127.3327867'),(59469,76,'36.3561549','127.3325949'),(59470,76,'36.3562625','127.3322201'),(59471,76,'36.3564231','127.3316614'),(59472,76,'36.3565245','127.3312989'),(59473,76,'36.3567076','127.3313699'),(59474,76,'36.3569827','127.3314874'),(59475,76,'36.3573183','127.3316104'),(59476,76,'36.3573598','127.3316259'),(59477,76,'36.3576683','127.3317323'),(59478,76,'36.3578342','127.331791'),(59479,76,'36.3579051','127.3315735'),(59480,76,'36.3579096','127.3315601'),(59481,76,'36.3581386','127.3309154'),(59482,76,'36.3583568','127.330303'),(59483,76,'36.3586262','127.3295467'),(59484,76,'36.3586828','127.3293872'),(59485,76,'36.3587115','127.3292957'),(59486,76,'36.3587698','127.3291084'),(59487,76,'36.3588632','127.3288551'),(59488,76,'36.358927','127.3286767'),(59489,76,'36.3589602','127.3285841'),(59490,76,'36.3592081','127.3279616'),(59491,76,'36.3593409','127.3275366'),(59492,76,'36.3594242','127.3271497'),(59493,76,'36.3594483','127.3269334'),(59494,76,'36.3594614','127.3267026'),(59495,76,'36.3594744','127.3262857'),(59496,76,'36.3594795','127.3260873'),(59497,76,'36.3594825','127.3256994'),(59498,76,'36.3594783','127.3253082'),(59499,76,'36.3594741','127.3248668'),(59500,76,'36.3594658','127.3241368'),(59501,76,'36.3594634','127.3237199'),(59502,76,'36.3594633','127.3236408'),(59503,76,'36.3594584','127.3234034'),(59504,76,'36.3594543','127.3224715'),(59505,76,'36.3594541','127.3223434'),(59506,76,'36.3594413','127.3215743'),(59507,76,'36.3594454','127.3213291'),(59508,76,'36.3594495','127.3210616'),(59509,76,'36.3594498','127.3206492'),(59510,76,'36.3594475','127.3203438'),(59511,76,'36.3594455','127.3202156'),(59512,76,'36.3594413','127.3197998'),(59513,76,'36.3594317','127.3193863'),(59514,76,'36.3594257','127.3190319'),(59515,76,'36.3594167','127.3184367'),(59516,76,'36.3594077','127.3178315'),(59517,76,'36.3594082','127.3175796'),(59518,76,'36.3594082','127.3175696'),(59519,76,'36.359407','127.3173946'),(59520,76,'36.3593995','127.3172241'),(59521,76,'36.3593353','127.316473'),(59522,76,'36.359316','127.316249'),(59523,76,'36.3592495','127.3158022'),(59524,76,'36.359245','127.3157777'),(59525,76,'36.3592331','127.3157075'),(59526,76,'36.3591876','127.315391'),(59527,76,'36.3591774','127.3152617'),(59528,76,'36.3591926','127.3151313'),(59529,76,'36.3592154','127.3147634'),(59530,76,'36.3592077','127.3144246'),(59531,76,'36.3591993','127.314224'),(59532,76,'36.3591258','127.3110854'),(59533,76,'36.3591249','127.3110498'),(59534,76,'36.3590995','127.3104'),(59535,76,'36.3591243','127.3101124'),(59536,76,'36.3592244','127.3095749'),(59537,76,'36.3592549','127.3094723'),(59538,76,'36.359358','127.309112'),(59539,76,'36.359675','127.3083243'),(59540,76,'36.3597414','127.3081647'),(59541,76,'36.3597522','127.308138'),(59542,76,'36.3601079','127.3072866'),(59543,76,'36.3601186','127.307261'),(59544,76,'36.3603241','127.3066619'),(59545,76,'36.3603742','127.3064043'),(59546,76,'36.3604412','127.3060619'),(59547,76,'36.3604663','127.3059493'),(59548,76,'36.3605027','127.3056081'),(59549,76,'36.3605178','127.305471'),(59550,76,'36.3605187','127.3054643'),(59551,76,'36.3605196','127.3054342'),(59552,76,'36.3603345','127.3052686'),(59553,76,'36.3602776','127.305232'),(59554,76,'36.3601305','127.3051353'),(59555,76,'36.3600213','127.3050543'),(59556,76,'36.3599617','127.3050098'),(59557,76,'36.3597325','127.3048399'),(59558,76,'36.3589129','127.3042311'),(59559,76,'36.3580696','127.3034786'),(59560,76,'36.3579847','127.3033874'),(59561,76,'36.3578926','127.3032952'),(59562,76,'36.3578294','127.3032307'),(59563,76,'36.3576388','127.3030428'),(59564,76,'36.3575097','127.302916'),(59565,76,'36.3574853','127.3028927'),(59566,76,'36.3571667','127.3026372'),(59567,76,'36.3565746','127.3022697'),(59568,76,'36.3558527','127.3018491'),(59569,76,'36.355415','127.3015705'),(59570,76,'36.3551911','127.3013916'),(59571,76,'36.3550765','127.3012916'),(59572,76,'36.3549582','127.3011894'),(59573,76,'36.3548273','127.301076'),(59574,76,'36.3545546','127.3008404'),(59575,76,'36.3533221','127.2996967'),(59576,76,'36.3531939','127.2995833'),(59577,76,'36.3532362','127.2995398'),(59578,76,'36.3532749','127.2995218'),(59579,76,'36.3533263','127.2995128'),(59580,76,'36.353888','127.2995504'),(59581,76,'36.3541143','127.2995609'),(59582,76,'36.3541793','127.2995686'),(59583,76,'36.354228','127.2995751'),(59584,76,'36.3542938','127.299595'),(59585,76,'36.3543633','127.2996227'),(59586,76,'36.3546132','127.2997458'),(59587,76,'36.3547449','127.2998101'),(59588,76,'36.3549227','127.2998832'),(59589,76,'36.3547474','127.3001812'),(60147,77,'36.4352981','127.3874034'),(60148,77,'36.4352188','127.3874861'),(60149,77,'36.4350747','127.3876369'),(60150,77,'36.4349882','127.3877274'),(60151,77,'36.4349711','127.3877453'),(60152,77,'36.4349261','127.3878'),(60153,77,'36.4344488','127.3883084'),(60154,77,'36.4343632','127.3884111'),(60155,77,'36.434266','127.3885184'),(60156,77,'36.4340895','127.3887228'),(60157,77,'36.4340064','127.3886515'),(60158,77,'36.4339171','127.3885836'),(60159,77,'36.4335798','127.3884134'),(60160,77,'36.433394','127.3883199'),(60161,77,'36.4320213','127.3876849'),(60162,77,'36.4318274','127.387587'),(60163,77,'36.4315947','127.3874724'),(60164,77,'36.4310535','127.3872009'),(60165,77,'36.430451','127.3869173'),(60166,77,'36.4300415','127.3867316'),(60167,77,'36.4292415','127.3863445'),(60168,77,'36.4289231','127.3862067'),(60169,77,'36.4285939','127.3860565'),(60170,77,'36.4284731','127.3859998'),(60171,77,'36.4283278','127.3859186'),(60172,77,'36.4281267','127.3858207'),(60173,77,'36.4272915','127.3854348'),(60174,77,'36.4272482','127.3854148'),(60175,77,'36.4268189','127.3852169'),(60176,77,'36.4262372','127.38495'),(60177,77,'36.4258764','127.3847475'),(60178,77,'36.4247868','127.3842549'),(60179,77,'36.4247481','127.3842371'),(60180,77,'36.4247264','127.3842271'),(60181,77,'36.4246912','127.3842115'),(60182,77,'36.4244991','127.3841148'),(60183,77,'36.4238037','127.3837655'),(60184,77,'36.4235132','127.3835797'),(60185,77,'36.4234302','127.3835162'),(60186,77,'36.4228374','127.3830107'),(60187,77,'36.421298','127.3816097'),(60188,77,'36.4212294','127.3815473'),(60189,77,'36.4211663','127.3814827'),(60190,77,'36.4209037','127.3812377'),(60191,77,'36.4204552','127.3808022'),(60192,77,'36.420254','127.3806073'),(60193,77,'36.4198407','127.3802365'),(60194,77,'36.4197613','127.3801574'),(60195,77,'36.4195745','127.3799748'),(60196,77,'36.4192108','127.3796373'),(60197,77,'36.4188065','127.3792609'),(60198,77,'36.4187425','127.3792008'),(60199,77,'36.4184808','127.3789569'),(60200,77,'36.4181965','127.378693'),(60201,77,'36.4180819','127.3785861'),(60202,77,'36.4180116','127.3785215'),(60203,77,'36.4179746','127.378487'),(60204,77,'36.417804','127.3783255'),(60205,77,'36.4174683','127.3780048'),(60206,77,'36.4174557','127.3779936'),(60207,77,'36.4172698','127.37783'),(60208,77,'36.4172391','127.3778099'),(60209,77,'36.4171372','127.3777432'),(60210,77,'36.4170596','127.3777187'),(60211,77,'36.416992','127.3777044'),(60212,77,'36.4168414','127.3777079'),(60213,77,'36.4167837','127.3777136'),(60214,77,'36.4166774','127.3777238'),(60215,77,'36.4166666','127.3777249'),(60216,77,'36.4166296','127.3777295'),(60217,77,'36.4166008','127.377734'),(60218,77,'36.4163078','127.3777746'),(60219,77,'36.4162465','127.3777881'),(60220,77,'36.4157264','127.3779004'),(60221,77,'36.4152929','127.3779937'),(60222,77,'36.414762','127.3781083'),(60223,77,'36.4139914','127.3782746'),(60224,77,'36.413848','127.3782815'),(60225,77,'36.4135163','127.3782998'),(60226,77,'36.4131331','127.3782748'),(60227,77,'36.4127769','127.3782129'),(60228,77,'36.4126128','127.3781774'),(60229,77,'36.4121602','127.3780912'),(60230,77,'36.4117561','127.3779468'),(60231,77,'36.4116614','127.3779135'),(60232,77,'36.4115162','127.3778624'),(60233,77,'36.4113918','127.3778124'),(60234,77,'36.4111185','127.3777024'),(60235,77,'36.4110391','127.3776724'),(60236,77,'36.4096691','127.3771046'),(60237,77,'36.4094247','127.3770292'),(60238,77,'36.4091497','127.3769471'),(60239,77,'36.408862','127.3768773'),(60240,77,'36.4083219','127.3767722'),(60241,77,'36.4077376','127.3767106'),(60242,77,'36.4073671','127.3766978'),(60243,77,'36.4069127','127.3766818'),(60244,77,'36.4065566','127.3767069'),(60245,77,'36.4059824','127.3767591'),(60246,77,'36.4055317','127.3767743'),(60247,77,'36.4053405','127.3767601'),(60248,77,'36.4051521','127.3767102'),(60249,77,'36.4049113','127.3766582'),(60250,77,'36.4046244','127.3765114'),(60251,77,'36.4044287','127.3763857'),(60252,77,'36.4043096','127.3763067'),(60253,77,'36.403789','127.3759496'),(60254,77,'36.4037268','127.3759073'),(60255,77,'36.4024024','127.3749994'),(60256,77,'36.40212','127.3748024'),(60257,77,'36.4020911','127.3747824'),(60258,77,'36.4018332','127.3746367'),(60259,77,'36.4016131','127.37452'),(60260,77,'36.4015084','127.3744744'),(60261,77,'36.4011261','127.374359'),(60262,77,'36.4006247','127.374274'),(60263,77,'36.3995219','127.3740918'),(60264,77,'36.3993164','127.3740497'),(60265,77,'36.3975959','127.3737269'),(60266,77,'36.3974832','127.3737081'),(60267,77,'36.3958989','127.3734698'),(60268,77,'36.3955103','127.3734113'),(60269,77,'36.3953841','127.3733903'),(60270,77,'36.3951108','127.3733372'),(60271,77,'36.3943327','127.3731868'),(60272,77,'36.394174','127.3731681'),(60273,77,'36.3939242','127.3731373'),(60274,77,'36.393533','127.3731491'),(60275,77,'36.3931499','127.3732367'),(60276,77,'36.3910166','127.3738245'),(60277,77,'36.3905416','127.3739602'),(60278,77,'36.3901415','127.3740745'),(60279,77,'36.3900748','127.3740992'),(60280,77,'36.3899243','127.3741619'),(60281,77,'36.3896495','127.3743374'),(60282,77,'36.3895342','127.3744647'),(60283,77,'36.3893911','127.3746244'),(60284,77,'36.3892911','127.3747494'),(60285,77,'36.3891984','127.3748956'),(60286,77,'36.3891327','127.3749994'),(60287,77,'36.3890769','127.3750909'),(60288,77,'36.3890355','127.3751579'),(60289,77,'36.3888079','127.3755865'),(60290,77,'36.3887081','127.3758743'),(60291,77,'36.3886076','127.3763617'),(60292,77,'36.3885916','127.376587'),(60293,77,'36.3885927','127.3767665'),(60294,77,'36.3885924','127.3772906'),(60295,77,'36.3885914','127.3780555'),(60296,77,'36.3885898','127.3783097'),(60297,77,'36.3885784','127.3786231'),(60298,77,'36.3885414','127.3786231'),(60299,77,'36.3883684','127.3786256'),(60300,77,'36.3882241','127.3786258'),(60301,77,'36.3880564','127.378625'),(60302,77,'36.3879329','127.3786241'),(60303,77,'36.3872577','127.3786273'),(60304,77,'36.3870097','127.3786255'),(60305,77,'36.3868583','127.3786246'),(60306,77,'36.3865499','127.3786173'),(60307,77,'36.385963','127.3786048'),(60308,77,'36.3857999','127.3786017'),(60309,77,'36.3857232','127.3786007'),(60310,77,'36.3856917','127.3785997'),(60311,77,'36.3855637','127.378601'),(60312,77,'36.3855438','127.378601'),(60313,77,'36.3853752','127.3786024'),(60314,77,'36.3850408','127.3786063'),(60315,77,'36.3844998','127.3786116'),(60316,77,'36.3842014','127.3786154'),(60317,77,'36.3837498','127.378625'),(60318,77,'36.3833243','127.3786245'),(60319,77,'36.3830998','127.3786249'),(60320,77,'36.3828744','127.3786241'),(60321,77,'36.3826075','127.3786123'),(60322,77,'36.3822208','127.3786084'),(60323,77,'36.382127','127.3786063'),(60324,77,'36.3813246','127.378612'),(60325,77,'36.3810848','127.3786091'),(60326,77,'36.379874','127.378592'),(60327,77,'36.3797163','127.3785878'),(60328,77,'36.3795297','127.3785903'),(60329,77,'36.3794738','127.378587'),(60330,77,'36.3793836','127.3785872'),(60331,77,'36.3791113','127.3785898'),(60332,77,'36.3789581','127.378599'),(60333,77,'36.3788481','127.3786125'),(60334,77,'36.3786444','127.3786351'),(60335,77,'36.3782036','127.3787194'),(60336,77,'36.3780162','127.3787621'),(60337,77,'36.3778774','127.3788013'),(60338,77,'36.3777917','127.378826'),(60339,77,'36.3777079','127.3788495'),(60340,77,'36.3773348','127.3789661'),(60341,77,'36.3771771','127.3790187'),(60342,77,'36.3768499','127.379124'),(60343,77,'36.3766408','127.3791868'),(60344,77,'36.376585','127.3792058'),(60345,77,'36.3765507','127.379217'),(60346,77,'36.3758','127.3794623'),(60347,77,'36.3755251','127.3795296'),(60348,77,'36.3752529','127.3795802'),(60349,77,'36.375169','127.3795915'),(60350,77,'36.3749121','127.3796042'),(60351,77,'36.3746434','127.3795968'),(60352,77,'36.3746272','127.3795957'),(60353,77,'36.3744685','127.3795826'),(60354,77,'36.374464','127.3795826'),(60355,77,'36.3742224','127.3795796'),(60356,77,'36.374116','127.3795786'),(60357,77,'36.3712572','127.3795418'),(60358,77,'36.3711662','127.3795431'),(60359,77,'36.3709408','127.379549'),(60360,77,'36.3708353','127.3795491'),(60361,77,'36.3702836','127.37955'),(60362,77,'36.3697075','127.3795498'),(60363,77,'36.3691648','127.3795495'),(60364,77,'36.3690349','127.3795486'),(60365,77,'36.3685788','127.3795482'),(60366,77,'36.3684318','127.3795495'),(60367,77,'36.3683092','127.3795497'),(60368,77,'36.3682398','127.3795498'),(60369,77,'36.3682136','127.3795498'),(60370,77,'36.368146','127.3795488'),(60371,77,'36.3680117','127.3795468'),(60372,77,'36.3679657','127.3795458'),(60373,77,'36.3678539','127.3795437'),(60374,77,'36.3674401','127.3795388'),(60375,77,'36.3673499','127.3795367'),(60376,77,'36.3663105','127.3795204'),(60377,77,'36.3660833','127.3795163'),(60378,77,'36.3651168','127.3795'),(60379,77,'36.3649996','127.3794991'),(60380,77,'36.3650011','127.3792404'),(60381,77,'36.3650028','127.3791223'),(60382,77,'36.3650118','127.3781625'),(60383,77,'36.3650117','127.37806'),(60384,77,'36.3650246','127.3766621'),(60385,77,'36.365016','127.3760992'),(60386,77,'36.3649516','127.3757225'),(60387,77,'36.364971','127.3753101'),(60388,77,'36.3649661','127.3749991'),(60389,77,'36.3649667','127.3746513'),(60390,77,'36.3649681','127.3743113'),(60391,77,'36.3649696','127.3731609'),(60392,77,'36.364964','127.3729659'),(60393,77,'36.3649834','127.3708992'),(60394,77,'36.3650039','127.3706985'),(60395,77,'36.3651','127.3703104'),(60396,77,'36.3651762','127.3699324'),(60397,77,'36.3652427','127.3697908'),(60398,77,'36.3652895','127.3697004'),(60399,77,'36.3653741','127.3695587'),(60400,77,'36.3654056','127.3695074'),(60401,77,'36.3654524','127.3694437'),(60402,77,'36.3656748','127.3691903'),(60403,77,'36.3671544','127.3676863'),(60404,77,'36.3672876','127.3675278'),(60405,77,'36.3674209','127.3673916'),(60406,77,'36.3672195','127.3670921'),(60407,77,'36.3671094','127.3669261'),(60408,77,'36.3670543','127.3668437'),(60409,77,'36.3666849','127.3662904'),(60410,77,'36.366461','127.3659541'),(60411,77,'36.3661828','127.3655366'),(60412,77,'36.3659497','127.3650376'),(60413,77,'36.3657328','127.3645742'),(60414,77,'36.365712','127.364523'),(60415,77,'36.3655077','127.3640362'),(60416,77,'36.3654526','127.3639104'),(60417,77,'36.3654399','127.3638803'),(60418,77,'36.3653775','127.3637477'),(60419,77,'36.3652908','127.3635617'),(60420,77,'36.3650666','127.3630416'),(60421,77,'36.3649075','127.362674'),(60422,77,'36.364584','127.362028'),(60423,77,'36.3644331','127.361724'),(60424,77,'36.3642849','127.3614378'),(60425,77,'36.3638241','127.3605491'),(60426,77,'36.3633121','127.3597965'),(60427,77,'36.3632389','127.3596985'),(60428,77,'36.3631269','127.3595482'),(60429,77,'36.363071','127.3594703'),(60430,77,'36.3630348','127.3594158'),(60431,77,'36.362921','127.3592421'),(60432,77,'36.3626158','127.3587745'),(60433,77,'36.362333','127.3582868'),(60434,77,'36.3622589','127.3581442'),(60435,77,'36.3621676','127.3579649'),(60436,77,'36.3620782','127.3577879'),(60437,77,'36.361986','127.3576175'),(60438,77,'36.36192','127.3574805'),(60439,77,'36.361911','127.3574605'),(60440,77,'36.3615486','127.3566998'),(60441,77,'36.3612963','127.3560549'),(60442,77,'36.3612158','127.3558499'),(60443,77,'36.3608936','127.3548217'),(60444,77,'36.3606673','127.354111'),(60445,77,'36.3606139','127.3539395'),(60446,77,'36.3605705','127.3538058'),(60447,77,'36.3605144','127.3535941'),(60448,77,'36.3604999','127.3535496'),(60449,77,'36.3604246','127.3531874'),(60450,77,'36.3603909','127.3529245'),(60451,77,'36.3603579','127.3524865'),(60452,77,'36.3603359','127.3522078'),(60453,77,'36.3603367','127.3521231'),(60454,77,'36.3603426','127.3517687'),(60455,77,'36.3603514','127.3516003'),(60456,77,'36.360363','127.3514666'),(60457,77,'36.3603683','127.351422'),(60458,77,'36.3604157','127.3510719'),(60459,77,'36.3604909','127.350637'),(60460,77,'36.3605696','127.350181'),(60461,77,'36.3605795','127.3501219'),(60462,77,'36.3605992','127.3500338'),(60463,77,'36.3606037','127.3500126'),(60464,77,'36.3607077','127.3495944'),(60465,77,'36.3607409','127.3494617'),(60466,77,'36.3609581','127.3486866'),(60467,77,'36.361233','127.3478869'),(60468,77,'36.3613408','127.3476058'),(60469,77,'36.3613579','127.3475623'),(60470,77,'36.3613884','127.3474708'),(60471,77,'36.3613992','127.3474396'),(60472,77,'36.3614064','127.3474195'),(60473,77,'36.3614288','127.3473515'),(60474,77,'36.3616938','127.3465886'),(60475,77,'36.3619327','127.3458992'),(60476,77,'36.3619911','127.3457498'),(60477,77,'36.3620414','127.3456114'),(60478,77,'36.3622229','127.3450794'),(60479,77,'36.3622255','127.3450237'),(60480,77,'36.3622316','127.3448877'),(60481,77,'36.3621998','127.3446614'),(60482,77,'36.3620419','127.3446049'),(60483,77,'36.3619761','127.3445816'),(60484,77,'36.3616081','127.3444375'),(60485,77,'36.3610028','127.3442057'),(60486,77,'36.3607909','127.3441248'),(60487,77,'36.3606691','127.3440827'),(60488,77,'36.3602831','127.3439374'),(60489,77,'36.3601478','127.3438831'),(60490,77,'36.3595245','127.3436625'),(60491,77,'36.3594523','127.3436314'),(60492,77,'36.3593748','127.3435993'),(60493,77,'36.3594168','127.3433774'),(60494,77,'36.3594393','127.3432815'),(60495,77,'36.3596499','127.3423749'),(60496,77,'36.3596831','127.3422121'),(60497,77,'36.3597907','127.3417916'),(60498,77,'36.3598526','127.3415886'),(60499,77,'36.3598571','127.3415786'),(60500,77,'36.3599344','127.3413923'),(60501,77,'36.359991','127.3412373'),(60502,77,'36.3602076','127.3407375'),(60503,77,'36.3604162','127.3402745'),(60504,77,'36.3604332','127.3402365'),(60505,77,'36.3606354','127.3397635'),(60506,77,'36.3606444','127.3397412'),(60507,77,'36.3606912','127.3396374'),(60508,77,'36.3607352','127.3395393'),(60509,77,'36.3610498','127.3388241'),(60510,77,'36.3610525','127.3388174'),(60511,77,'36.3611603','127.3385664'),(60512,77,'36.3611819','127.3385162'),(60513,77,'36.3612161','127.338437'),(60514,77,'36.3613554','127.3381347'),(60515,77,'36.3614471','127.3379361'),(60516,77,'36.3615163','127.3377999'),(60517,77,'36.3615621','127.3377029'),(60518,77,'36.3618498','127.3370625'),(60519,77,'36.3619522','127.3368248'),(60520,77,'36.362025','127.3366374'),(60521,77,'36.3621477','127.3367074'),(60522,77,'36.3628163','127.3371474'),(60523,77,'36.3628578','127.337174'),(60524,77,'36.3636998','127.337762'),(60525,77,'36.3638234','127.3378486'),(60526,77,'36.3641979','127.3381054'),(60527,77,'36.3642493','127.3381342'),(60528,77,'36.3644252','127.3382253'),(60529,77,'36.3645178','127.3379676'),(60530,77,'36.3645186','127.3379642'),(60531,77,'36.3645977','127.3377456'),(60532,77,'36.3646758','127.3375314'),(60533,77,'36.3646794','127.3375214'),(60534,77,'36.364894','127.33687'),(60535,77,'36.3654579','127.3352246'),(60536,77,'36.3656223','127.3347706'),(60537,77,'36.3656555','127.3346757'),(60538,77,'36.3656672','127.3346434'),(60539,77,'36.366144','127.3333125'),(60540,77,'36.3663299','127.3327949'),(60541,77,'36.366435','127.3324982'),(60542,77,'36.3664601','127.3324279'),(60543,77,'36.3665391','127.3321925'),(60544,77,'36.3665912','127.3320375'),(60545,77,'36.366655','127.3318668'),(60546,77,'36.366681','127.3317976'),(60547,77,'36.3666981','127.3317519'),(60548,77,'36.3667053','127.3317318'),(60549,77,'36.3668167','127.3314372'),(60550,77,'36.3668409','127.331338'),(60551,77,'36.3668731','127.3312075'),(60552,77,'36.3668937','127.331067'),(60553,77,'36.3668999','127.3310246'),(60554,77,'36.3669051','127.3308964'),(60555,77,'36.3669192','127.330669'),(60556,77,'36.3669145','127.3305018'),(60557,77,'36.3669128','127.3299467'),(60558,77,'36.3669077','127.3282868'),(60559,77,'36.3669081','127.3279034'),(60560,77,'36.3669077','127.3263706'),(60561,77,'36.3669079','127.3252749'),(60562,77,'36.3669247','127.3244867'),(60563,77,'36.3669358','127.3240319'),(60564,77,'36.3669494','127.3234622'),(60565,77,'36.3669493','127.3233998'),(60566,77,'36.3669492','127.3233374'),(60567,77,'36.3669491','127.323246'),(60568,77,'36.3669499','127.3231914'),(60569,77,'36.3669489','127.3231356'),(60570,77,'36.3669479','127.3230464'),(60571,77,'36.3669478','127.3230241'),(60572,77,'36.3669477','127.3229461'),(60573,77,'36.3669476','127.3228424'),(60574,77,'36.3669463','127.3226251'),(60575,77,'36.3669451','127.3224133'),(60576,77,'36.3669439','127.3221981'),(60577,77,'36.3669417','127.321934'),(60578,77,'36.3669403','127.3215973'),(60579,77,'36.3669369','127.3211503'),(60580,77,'36.3669357','127.3209084'),(60581,77,'36.3669345','127.3207078'),(60582,77,'36.3669331','127.3204124'),(60583,77,'36.3669318','127.3201125'),(60584,77,'36.3669305','127.319884'),(60585,77,'36.36693','127.3195585'),(60586,77,'36.3669288','127.3193133'),(60587,77,'36.3669284','127.3190981'),(60588,77,'36.3669273','127.3189365'),(60589,77,'36.3669269','127.3187102'),(60590,77,'36.3669259','127.3185887'),(60591,77,'36.3669257','127.3184862'),(60592,77,'36.3669254','127.3183145'),(60593,77,'36.3669253','127.318251'),(60594,77,'36.3669252','127.3181796'),(60595,77,'36.3669287','127.318057'),(60596,77,'36.3669303','127.3179611'),(60597,77,'36.3669319','127.3178318'),(60598,77,'36.3669319','127.3178173'),(60599,77,'36.3669327','127.3177627'),(60600,77,'36.3669335','127.3176869'),(60601,77,'36.3669341','127.3174639'),(60602,77,'36.3669355','127.3172053'),(60603,77,'36.3669357','127.3167973'),(60604,77,'36.3669364','127.3166357'),(60605,77,'36.366937','127.3164272'),(60606,77,'36.3669376','127.3162422'),(60607,77,'36.3669397','127.3158398'),(60608,77,'36.366941','127.3155221'),(60609,77,'36.3669416','127.3153493'),(60610,77,'36.3669421','127.3150884'),(60611,77,'36.3669442','127.3146504'),(60612,77,'36.3669452','127.3141844'),(60613,77,'36.3669472','127.3137251'),(60614,77,'36.3669493','127.3133238'),(60615,77,'36.3669499','127.3131499'),(60616,77,'36.3669499','127.3131243'),(60617,77,'36.3669471','127.3130418'),(60618,77,'36.3669486','127.3128724'),(60619,77,'36.3669485','127.3128378'),(60620,77,'36.3669484','127.3127587'),(60621,77,'36.3669515','127.3124298'),(60622,77,'36.3669539','127.3122548'),(60623,77,'36.3669663','127.3114945'),(60624,77,'36.3669646','127.3109829'),(60625,77,'36.3669579','127.3107421'),(60626,77,'36.3669195','127.3104245'),(60627,77,'36.3669021','127.3102707'),(60628,77,'36.3668275','127.3098406'),(60629,77,'36.3666853','127.3094018'),(60630,77,'36.3665658','127.3090821'),(60631,77,'36.3664265','127.308816'),(60632,77,'36.3662702','127.3085879'),(60633,77,'36.3660904','127.308371'),(60634,77,'36.3660154','127.3082865'),(60635,77,'36.3658746','127.3081742'),(60636,77,'36.3657582','127.3080797'),(60637,77,'36.3655939','127.3079464'),(60638,77,'36.3652301','127.3076753'),(60639,77,'36.3641997','127.3071372'),(60640,77,'36.3641176','127.3070884'),(60641,77,'36.3633497','127.3066823'),(60642,77,'36.3629581','127.3064748'),(60643,77,'36.3621912','127.3060732'),(60644,77,'36.3620712','127.3060222'),(60645,77,'36.3613477','127.3057331'),(60646,77,'36.3608849','127.3055481'),(60647,77,'36.3608461','127.3055348'),(60648,77,'36.3607134','127.3054672'),(60649,77,'36.3605222','127.3053684'),(60650,77,'36.3604319','127.305323'),(60651,77,'36.3603724','127.3052941'),(60652,77,'36.3603345','127.3052686'),(60653,77,'36.3602776','127.305232'),(60654,77,'36.3601305','127.3051353'),(60655,77,'36.3600213','127.3050543'),(60656,77,'36.3599617','127.3050098'),(60657,77,'36.3597325','127.3048399'),(60658,77,'36.3589129','127.3042311'),(60659,77,'36.3580696','127.3034786'),(60660,77,'36.3579847','127.3033874'),(60661,77,'36.3578926','127.3032952'),(60662,77,'36.3578294','127.3032307'),(60663,77,'36.3576388','127.3030428'),(60664,77,'36.3575097','127.302916'),(60665,77,'36.3574853','127.3028927'),(60666,77,'36.3571667','127.3026372'),(60667,77,'36.3565746','127.3022697'),(60668,77,'36.3558527','127.3018491'),(60669,77,'36.355415','127.3015705'),(60670,77,'36.3551911','127.3013916'),(60671,77,'36.3550765','127.3012916'),(60672,77,'36.3549582','127.3011894'),(60673,77,'36.3548273','127.301076'),(60674,77,'36.3545546','127.3008404'),(60675,77,'36.3533221','127.2996967'),(60676,77,'36.3531939','127.2995833'),(60677,77,'36.3532362','127.2995398'),(60678,77,'36.3532749','127.2995218'),(60679,77,'36.3533263','127.2995128'),(60680,77,'36.353888','127.2995504'),(60681,77,'36.3541143','127.2995609'),(60682,77,'36.3541793','127.2995686'),(60683,77,'36.354228','127.2995751'),(60684,77,'36.3542938','127.299595'),(60685,77,'36.3543633','127.2996227'),(60686,77,'36.3546132','127.2997458'),(60687,77,'36.3547449','127.2998101'),(60688,77,'36.3549227','127.2998832'),(60689,77,'36.3548993','127.2999234'),(60690,68,'36.3389798','127.4452598'),(60691,68,'36.3388075','127.4450928'),(60692,68,'36.3387083','127.4449859'),(60693,68,'36.338637','127.4449102'),(60694,68,'36.3379633','127.4442577'),(60695,68,'36.3379082','127.4442042'),(60696,68,'36.3374149','127.4437221'),(60697,68,'36.3372255','127.4435406'),(60698,68,'36.3370586','127.4434304'),(60699,68,'36.3368936','127.4433213'),(60700,68,'36.3361325','127.4428383'),(60701,68,'36.3360035','127.4427615'),(60702,68,'36.3358655','127.4426858'),(60703,68,'36.3357645','127.4426135'),(60704,68,'36.3353118','127.4422906'),(60705,68,'36.3351134','127.4421482'),(60706,68,'36.334749','127.4418766'),(60707,68,'36.334685','127.4418187'),(60708,68,'36.3345867','127.4417296'),(60709,68,'36.3345064','127.4416316'),(60710,68,'36.3344306','127.4415381'),(60711,68,'36.3343305','127.4413922'),(60712,68,'36.3342258','127.4412296'),(60713,68,'36.334132','127.4410424'),(60714,68,'36.3339849','127.4407406'),(60715,68,'36.333891','127.4405122'),(60716,68,'36.3337944','127.4401981'),(60717,68,'36.3336697','127.4397803'),(60718,68,'36.3336481','127.4397068'),(60719,68,'36.3336246','127.4396244'),(60720,68,'36.3335848','127.4394305'),(60721,68,'36.333499','127.4390517'),(60722,68,'36.3334899','127.4390161'),(60723,68,'36.3333906','127.4386017'),(60724,68,'36.3333824','127.4385694'),(60725,68,'36.3333328','127.4383978'),(60726,68,'36.3332524','127.4381338'),(60727,68,'36.3331937','127.43794'),(60728,68,'36.3331648','127.4378531'),(60729,68,'36.3331206','127.4377428'),(60730,68,'36.3328697','127.4372193'),(60731,68,'36.3327135','127.436893'),(60732,68,'36.3327045','127.4368751'),(60733,68,'36.3325357','127.4364853'),(60734,68,'36.3323687','127.4360787'),(60735,68,'36.3322595','127.4357969'),(60736,68,'36.3317159','127.4342687'),(60737,68,'36.3314305','127.4333853'),(60738,68,'36.3314233','127.4333619'),(60739,68,'36.3313221','127.4330311'),(60740,68,'36.3312219','127.4327359'),(60741,68,'36.3311813','127.4326089'),(60742,68,'36.330858','127.4317123'),(60743,68,'36.3307415','127.431387'),(60744,68,'36.330579','127.4309359'),(60745,68,'36.3305158','127.4307867'),(60746,68,'36.3300914','127.4296996'),(60747,68,'36.3300508','127.4295826'),(60748,68,'36.3297808','127.4288308'),(60749,68,'36.3297555','127.4287662'),(60750,68,'36.329583','127.4283118'),(60751,68,'36.3293699','127.4277783'),(60752,68,'36.329341','127.4276992'),(60753,68,'36.3290412','127.4268493'),(60754,68,'36.3289328','127.4265497'),(60755,68,'36.3287396','127.4260229'),(60756,68,'36.3286782','127.4258547'),(60757,68,'36.3285752','127.4255763'),(60758,68,'36.3283829','127.425074'),(60759,68,'36.3280496','127.424174'),(60760,68,'36.3278094','127.4235113'),(60761,68,'36.3277579','127.4233743'),(60762,68,'36.3274075','127.4224622'),(60763,68,'36.3273245','127.4222617'),(60764,68,'36.3272179','127.4219911'),(60765,68,'36.3268437','127.421802'),(60766,68,'36.3266579','127.421712'),(60767,68,'36.3264279','127.4216253'),(60768,68,'36.3263684','127.4215853'),(60769,68,'36.3262926','127.4215163'),(60770,68,'36.3261762','127.421366'),(60771,68,'36.3260995','127.4212624'),(60772,68,'36.3256213','127.4206312'),(60773,68,'36.3254922','127.4204519'),(60774,68,'36.3253912','127.4202994'),(60775,68,'36.3251511','127.4199743'),(60776,68,'36.3250492','127.4198374'),(60777,68,'36.3249165','127.4196871'),(60778,68,'36.3247875','127.4195279'),(60779,68,'36.3246612','127.419371'),(60780,68,'36.3245827','127.4192741'),(60781,68,'36.3244925','127.419165'),(60782,68,'36.3241812','127.4187877'),(60783,68,'36.3239809','127.4185339'),(60784,68,'36.3238076','127.4182745'),(60785,68,'36.3236532','127.4179816'),(60786,68,'36.3236307','127.4179404'),(60787,68,'36.3234582','127.4176242'),(60788,68,'36.3232804','127.4172411'),(60789,68,'36.3231747','127.417014'),(60790,68,'36.323098','127.4168781'),(60791,68,'36.3230736','127.4168358'),(60792,68,'36.3229515','127.4162221'),(60793,68,'36.3229198','127.4160316'),(60794,68,'36.3229071','127.4158701'),(60795,68,'36.3229007','127.4158043'),(60796,68,'36.3228479','127.4150379'),(60797,68,'36.3227942','127.4143628'),(60798,68,'36.3227661','127.4140999'),(60799,68,'36.3227498','127.4140119'),(60800,68,'36.3226159','127.4133492'),(60801,68,'36.322567','127.4130752'),(60802,68,'36.3224486','127.4126096'),(60803,68,'36.3224332','127.4125495'),(60804,68,'36.3223979','127.4124192'),(60805,68,'36.322256','127.4118912'),(60806,68,'36.3222162','127.4117509'),(60807,68,'36.3220327','127.411105'),(60808,68,'36.3220056','127.4110047'),(60809,68,'36.3218348','127.4104'),(60810,68,'36.3218257','127.4103744'),(60811,68,'36.3218176','127.4103354'),(60812,68,'36.3217182','127.4099957'),(60813,68,'36.3216576','127.4097741'),(60814,68,'36.3215582','127.4094121'),(60815,68,'36.321522','127.4092851'),(60816,68,'36.3215093','127.4092395'),(60817,68,'36.3214831','127.4091493'),(60818,68,'36.3214415','127.4089989'),(60819,68,'36.3213249','127.4085991'),(60820,68,'36.3211975','127.4081603'),(60821,68,'36.3211216','127.407893'),(60822,68,'36.3210266','127.4075489'),(60823,68,'36.3208829','127.4070499'),(60824,68,'36.320816','127.4067994'),(60825,68,'36.3206189','127.406071'),(60826,68,'36.3205574','127.4058382'),(60827,68,'36.3204914','127.4055999'),(60828,68,'36.3204607','127.4054963'),(60829,68,'36.3202111','127.4046221'),(60830,68,'36.319977','127.4038024'),(60831,68,'36.319769','127.4029917'),(60832,68,'36.3195691','127.402192'),(60833,68,'36.3193529','127.40133'),(60834,68,'36.3192579','127.4009124'),(60835,68,'36.3192199','127.4007397'),(60836,68,'36.3189666','127.3996739'),(60837,68,'36.3189521','127.3996194'),(60838,68,'36.3189159','127.3994868'),(60839,68,'36.3188906','127.3993688'),(60840,68,'36.3187422','127.3988108'),(60841,68,'36.3186536','127.3984467'),(60842,68,'36.3185993','127.3982239'),(60843,68,'36.3185468','127.3979644'),(60844,68,'36.3184699','127.3976459'),(60845,68,'36.3184373','127.3975301'),(60846,68,'36.3184283','127.3974989'),(60847,68,'36.3184075','127.3974243'),(60848,68,'36.3183577','127.397206'),(60849,68,'36.3183053','127.3970156'),(60850,68,'36.318033','127.3959242'),(60851,68,'36.3180049','127.3958173'),(60852,68,'36.317957','127.3956291'),(60853,68,'36.317663','127.3944865'),(60854,68,'36.3175942','127.3942214'),(60855,68,'36.3175788','127.3941624'),(60856,68,'36.3175499','127.3940499'),(60857,68,'36.3175137','127.3939029'),(60858,68,'36.3174223','127.39357'),(60859,68,'36.3172866','127.393061'),(60860,68,'36.3172242','127.392825'),(60861,68,'36.317179','127.3926568'),(60862,68,'36.3170913','127.3923372'),(60863,68,'36.316951','127.3917737'),(60864,68,'36.3168651','127.3914574'),(60865,68,'36.3168208','127.3912848'),(60866,68,'36.3166551','127.3905899'),(60867,68,'36.3165601','127.390199'),(60868,68,'36.3163493','127.3893616'),(60869,68,'36.3161828','127.3887491'),(60870,68,'36.3161457','127.3885932'),(60871,68,'36.316057','127.3882257'),(60872,68,'36.3160444','127.3881723'),(60873,68,'36.3160208','127.3880921'),(60874,68,'36.3160009','127.3880142'),(60875,68,'36.3157422','127.3870275'),(60876,68,'36.3157078','127.3868995'),(60877,68,'36.3156942','127.3868304'),(60878,68,'36.3156897','127.3868093'),(60879,68,'36.315658','127.3866767'),(60880,68,'36.3152317','127.3849718'),(60881,68,'36.3152163','127.3849139'),(60882,68,'36.3151783','127.3847703'),(60883,68,'36.3151359','127.38465'),(60884,68,'36.3149343','127.3841368'),(60885,68,'36.3148747','127.3839865'),(60886,68,'36.3147229','127.3836447'),(60887,68,'36.3145964','127.383362'),(60888,68,'36.3142666','127.3826373'),(60889,68,'36.3142223','127.3825393'),(60890,68,'36.3141997','127.3824892'),(60891,68,'36.3141582','127.382399'),(60892,68,'36.3138429','127.3817122'),(60893,68,'36.3138329','127.3816866'),(60894,68,'36.3136576','127.3812869'),(60895,68,'36.3135646','127.3810765'),(60896,68,'36.3133794','127.3807192'),(60897,68,'36.3133017','127.3805567'),(60898,68,'36.3131291','127.3801961'),(60899,68,'36.3130831','127.3800992'),(60900,68,'36.3130514','127.3800235'),(60901,68,'36.3128589','127.3795626'),(60902,68,'36.3126602','127.3791274'),(60903,68,'36.3124243','127.3785997'),(60904,68,'36.3122852','127.3782747'),(60905,68,'36.312258','127.3782123'),(60906,68,'36.3121858','127.3780554'),(60907,68,'36.3119617','127.3775712'),(60908,68,'36.3119165','127.3774743'),(60909,68,'36.3117828','127.3771749'),(60910,68,'36.3116382','127.3768498'),(60911,68,'36.3113825','127.3762743'),(60912,68,'36.3111628','127.3757278'),(60913,68,'36.3109993','127.3753671'),(60914,68,'36.310833','127.3749998'),(60915,68,'36.3107074','127.3747126'),(60916,68,'36.3106549','127.3745701'),(60917,68,'36.3106387','127.37453'),(60918,68,'36.3106215','127.3744732'),(60919,68,'36.3105554','127.3742617'),(60920,68,'36.3105202','127.3741615'),(60921,68,'36.310454','127.3738475'),(60922,68,'36.3102492','127.3728742'),(60923,68,'36.3101995','127.3726994'),(60924,68,'36.3101615','127.3725992'),(60925,68,'36.3100078','127.3721996'),(60926,68,'36.30995','127.3720616'),(60927,68,'36.3099192','127.3719848'),(60928,68,'36.3098858','127.3719024'),(60929,68,'36.309788','127.3715472'),(60930,68,'36.3096219','127.3705082'),(60931,68,'36.3096065','127.3703991'),(60932,68,'36.3095493','127.3700137'),(60933,68,'36.3094967','127.3697342'),(60934,68,'36.3094487','127.3695806'),(60935,68,'36.3093483','127.3692433'),(60936,68,'36.3092904','127.3691086'),(60937,68,'36.3092724','127.3690674'),(60938,68,'36.3092046','127.3689127'),(60939,68,'36.3091793','127.3688492'),(60940,68,'36.3091187','127.3687112'),(60941,68,'36.309069','127.3686032'),(60942,68,'36.3089488','127.3683417'),(60943,68,'36.3088792','127.368197'),(60944,68,'36.3087807','127.3679454'),(60945,68,'36.3084397','127.3669813'),(60946,68,'36.3083249','127.3666329'),(60947,68,'36.3080444','127.3657801'),(60948,68,'36.308001','127.365661'),(60949,68,'36.3079748','127.3655864'),(60950,68,'36.3078997','127.3653571'),(60951,68,'36.3078246','127.3651278'),(60952,68,'36.3076536','127.364609'),(60953,68,'36.3076428','127.3645745'),(60954,68,'36.3076075','127.3644676'),(60955,68,'36.3075903','127.3644131'),(60956,68,'36.3074655','127.3640401'),(60957,68,'36.3073658','127.3636315'),(60958,68,'36.307316','127.3633743'),(60959,68,'36.3072521','127.3627506'),(60960,68,'36.3072266','127.3625012'),(60961,68,'36.3071746','127.3619867'),(60962,68,'36.3071327','127.3616125'),(60963,68,'36.3070319','127.3609889'),(60964,68,'36.306809','127.3599935'),(60965,68,'36.3067863','127.3598866'),(60966,68,'36.3063162','127.3579872'),(60967,68,'36.3062229','127.3576332'),(60968,68,'36.3062021','127.3575541'),(60969,68,'36.30601','127.3568137'),(60970,68,'36.3058008','127.3560177'),(60971,68,'36.3055164','127.3548866'),(60972,68,'36.3053062','127.3540338'),(60973,68,'36.3053357','127.3538666'),(60974,68,'36.3053483','127.3537975'),(60975,68,'36.3053823','127.3536215'),(60976,68,'36.3054353','127.3534376'),(60977,68,'36.3055541','127.3532547'),(60978,68,'36.3057846','127.3530349'),(60979,68,'36.3059936','127.3529476'),(60980,68,'36.3061666','127.3528749'),(60981,68,'36.3063117','127.3528133'),(60982,68,'36.3064027','127.3527775'),(60983,68,'36.3065046','127.3527361'),(60984,68,'36.3067478','127.3526354'),(60985,68,'36.307038','127.3525056'),(60986,68,'36.307056','127.3524989'),(60987,68,'36.3073948','127.3523401'),(60988,68,'36.3074588','127.3523121'),(60989,68,'36.3074759','127.3523043'),(60990,68,'36.307493','127.3522987'),(60991,68,'36.3076903','127.3522148'),(60992,68,'36.3078652','127.352141'),(60993,68,'36.3080841','127.3520514'),(60994,68,'36.3086743','127.3518097'),(60995,68,'36.3088455','127.3517292'),(60996,68,'36.3090077','127.3516565'),(60997,68,'36.3088455','127.3517292'),(60998,68,'36.3086743','127.3518097'),(60999,68,'36.3080841','127.3520514'),(61000,68,'36.3078652','127.352141'),(61001,68,'36.3076903','127.3522148'),(61002,68,'36.307493','127.3522987'),(61003,68,'36.3074759','127.3523043'),(61004,68,'36.3074588','127.3523121'),(61005,68,'36.3073948','127.3523401'),(61006,68,'36.307056','127.3524989'),(61007,68,'36.307038','127.3525056'),(61008,68,'36.3067478','127.3526354'),(61009,68,'36.3065046','127.3527361'),(61010,68,'36.3064027','127.3527775'),(61011,68,'36.3063117','127.3528133'),(61012,68,'36.3061666','127.3528749'),(61013,68,'36.3057846','127.3530349'),(61014,68,'36.3051511','127.3533089'),(61015,68,'36.3051883','127.353496'),(61016,68,'36.3053062','127.3540338'),(61017,68,'36.3053243','127.3541061'),(61018,68,'36.3055164','127.3548866'),(61019,68,'36.3058008','127.3560177'),(61020,68,'36.30601','127.3568137'),(61021,68,'36.3060535','127.3569819'),(61022,68,'36.3062021','127.3575541'),(61023,68,'36.3062229','127.3576332'),(61024,68,'36.3062691','127.3578091'),(61025,68,'36.3063162','127.3579872'),(61026,68,'36.3067863','127.3598866'),(61027,68,'36.306809','127.3599935'),(61028,68,'36.3070319','127.3609889'),(61029,68,'36.3071327','127.3616125'),(61030,68,'36.3071564','127.3618252'),(61031,68,'36.3071746','127.3619867'),(61032,68,'36.3072266','127.3625012'),(61033,68,'36.307316','127.3633743'),(61034,68,'36.3073658','127.3636315'),(61035,68,'36.3074655','127.3640401'),(61036,68,'36.3075794','127.3643808'),(61037,68,'36.3075903','127.3644131'),(61038,68,'36.3076428','127.3645745'),(61039,68,'36.3078997','127.3653571'),(61040,68,'36.3079748','127.3655864'),(61041,68,'36.308001','127.365661'),(61042,68,'36.3080444','127.3657801'),(61043,68,'36.3081412','127.3660729'),(61044,68,'36.3084397','127.3669813'),(61045,68,'36.3087807','127.3679454'),(61046,68,'36.3088792','127.368197'),(61047,68,'36.3089488','127.3683417'),(61048,68,'36.309069','127.3686032'),(61049,68,'36.3091187','127.3687112'),(61050,68,'36.3091793','127.3688492'),(61051,68,'36.3092046','127.3689127'),(61052,68,'36.3092724','127.3690674'),(61053,68,'36.3092904','127.3691086'),(61054,68,'36.3093483','127.3692433'),(61055,68,'36.3094487','127.3695806'),(61056,68,'36.3094967','127.3697342'),(61057,68,'36.3095493','127.3700137'),(61058,68,'36.3095665','127.3701307'),(61059,68,'36.3096065','127.3703991'),(61060,68,'36.3096219','127.3705082'),(61061,68,'36.309788','127.3715472'),(61062,68,'36.3098858','127.3719024'),(61063,68,'36.3099192','127.3719848'),(61064,68,'36.30995','127.3720616'),(61065,68,'36.3100078','127.3721996'),(61066,68,'36.3101615','127.3725992'),(61067,68,'36.3101995','127.3726994'),(61068,68,'36.3102492','127.3728742'),(61069,68,'36.310454','127.3738475'),(61070,68,'36.3105202','127.3741615'),(61071,68,'36.3105554','127.3742617'),(61072,68,'36.3106387','127.37453'),(61073,68,'36.3106549','127.3745701'),(61074,68,'36.3107074','127.3747126'),(61075,68,'36.310833','127.3749998'),(61076,68,'36.3108664','127.3750732'),(61077,68,'36.3109993','127.3753671'),(61078,68,'36.3111628','127.3757278'),(61079,68,'36.3113825','127.3762743'),(61080,68,'36.3116382','127.3768498'),(61081,68,'36.3117828','127.3771749'),(61082,68,'36.3119165','127.3774743'),(61083,68,'36.3119617','127.3775712'),(61084,68,'36.3121858','127.3780554'),(61085,68,'36.312258','127.3782123'),(61086,68,'36.3122852','127.3782747'),(61087,68,'36.3124243','127.3785997'),(61088,68,'36.3126602','127.3791274'),(61089,68,'36.3128589','127.3795626'),(61090,68,'36.3128201','127.379478'),(61091,68,'36.3126602','127.3791274'),(61092,68,'36.3124243','127.3785997'),(61093,68,'36.3122852','127.3782747'),(61094,68,'36.312258','127.3782123'),(61095,68,'36.3121858','127.3780554'),(61096,68,'36.3119617','127.3775712'),(61097,68,'36.3119165','127.3774743'),(61098,68,'36.3117828','127.3771749'),(61099,68,'36.3116382','127.3768498'),(61100,68,'36.3113825','127.3762743'),(61101,68,'36.3111628','127.3757278'),(61102,68,'36.3109993','127.3753671'),(61103,68,'36.310833','127.3749998'),(61104,68,'36.3107074','127.3747126'),(61105,68,'36.3106549','127.3745701'),(61106,68,'36.3106387','127.37453'),(61107,68,'36.3106215','127.3744732'),(61108,68,'36.3105554','127.3742617'),(61109,68,'36.3105202','127.3741615'),(61110,68,'36.310454','127.3738475'),(61111,68,'36.3102492','127.3728742'),(61112,68,'36.3101995','127.3726994'),(61113,68,'36.3101615','127.3725992'),(61114,68,'36.3100078','127.3721996'),(61115,68,'36.30995','127.3720616'),(61116,68,'36.3099192','127.3719848'),(61117,68,'36.3098858','127.3719024'),(61118,68,'36.309788','127.3715472'),(61119,68,'36.3096219','127.3705082'),(61120,68,'36.3096065','127.3703991'),(61121,68,'36.3095493','127.3700137'),(61122,68,'36.3094967','127.3697342'),(61123,68,'36.3094487','127.3695806'),(61124,68,'36.3093483','127.3692433'),(61125,68,'36.3092904','127.3691086'),(61126,68,'36.3092724','127.3690674'),(61127,68,'36.3092046','127.3689127'),(61128,68,'36.3091793','127.3688492'),(61129,68,'36.3091187','127.3687112'),(61130,68,'36.309069','127.3686032'),(61131,68,'36.3089488','127.3683417'),(61132,68,'36.3088792','127.368197'),(61133,68,'36.3087807','127.3679454'),(61134,68,'36.3084397','127.3669813'),(61135,68,'36.3083249','127.3666329'),(61136,68,'36.3080444','127.3657801'),(61137,68,'36.308001','127.365661'),(61138,68,'36.3079748','127.3655864'),(61139,68,'36.3078997','127.3653571'),(61140,68,'36.3078246','127.3651278'),(61141,68,'36.3076536','127.364609'),(61142,68,'36.3076428','127.3645745'),(61143,68,'36.3076075','127.3644676'),(61144,68,'36.3075903','127.3644131'),(61145,68,'36.3074655','127.3640401'),(61146,68,'36.3073658','127.3636315'),(61147,68,'36.307316','127.3633743'),(61148,68,'36.3072521','127.3627506'),(61149,68,'36.3072266','127.3625012'),(61150,68,'36.3071746','127.3619867'),(61151,68,'36.3071327','127.3616125'),(61152,68,'36.3070319','127.3609889'),(61153,68,'36.306809','127.3599935'),(61154,68,'36.3067863','127.3598866'),(61155,68,'36.3063162','127.3579872'),(61156,68,'36.3062229','127.3576332'),(61157,68,'36.3062021','127.3575541'),(61158,68,'36.30601','127.3568137'),(61159,68,'36.3058008','127.3560177'),(61160,68,'36.3055164','127.3548866'),(61161,68,'36.3053062','127.3540338'),(61162,68,'36.3053357','127.3538666'),(61163,68,'36.3053483','127.3537975'),(61164,68,'36.3053823','127.3536215'),(61165,68,'36.3054353','127.3534376'),(61166,68,'36.3055541','127.3532547'),(61167,68,'36.3057846','127.3530349'),(61168,68,'36.3061666','127.3528749'),(61169,68,'36.3063117','127.3528133'),(61170,68,'36.3064027','127.3527775'),(61171,68,'36.3065046','127.3527361'),(61172,68,'36.3067478','127.3526354'),(61173,68,'36.307038','127.3525056'),(61174,68,'36.307056','127.3524989'),(61175,68,'36.3073948','127.3523401'),(61176,68,'36.3074588','127.3523121'),(61177,68,'36.3074759','127.3523043'),(61178,68,'36.307493','127.3522987'),(61179,68,'36.3076903','127.3522148'),(61180,68,'36.3078652','127.352141'),(61181,68,'36.3080841','127.3520514'),(61182,68,'36.3086743','127.3518097'),(61183,68,'36.3088455','127.3517292'),(61184,68,'36.3090077','127.3516565'),(61185,68,'36.3095718','127.3514204'),(61186,68,'36.3097664','127.3513387'),(61187,68,'36.309788','127.3513275'),(61188,68,'36.3104395','127.3510333'),(61189,68,'36.3106422','127.3509405'),(61190,68,'36.3123759','127.3502187'),(61191,68,'36.3125309','127.3501449'),(61192,68,'36.3125858','127.3501191'),(61193,68,'36.3127859','127.350033'),(61194,68,'36.3128012','127.3500263'),(61195,68,'36.3148547','127.3491735'),(61196,68,'36.3149503','127.349131'),(61197,68,'36.3157053','127.3487987'),(61198,68,'36.315872','127.3487248'),(61199,68,'36.316','127.3486689'),(61200,68,'36.3169308','127.348266'),(61201,68,'36.3171506','127.3481776'),(61202,68,'36.3171695','127.3481709'),(61203,68,'36.317384','127.3481014'),(61204,68,'36.317548','127.3480554'),(61205,68,'36.3175868','127.3480486'),(61206,68,'36.31785','127.3479991'),(61207,68,'36.3182628','127.3479471'),(61208,68,'36.3183404','127.3479436'),(61209,68,'36.3184008','127.3479401'),(61210,68,'36.3185901','127.3479386'),(61211,68,'36.3186162','127.3479386'),(61212,68,'36.3188083','127.3479415'),(61213,68,'36.3192707','127.3479328'),(61214,68,'36.3192734','127.3479328'),(61215,68,'36.3207574','127.3479378'),(61216,68,'36.3208998','127.3479364'),(61217,68,'36.321054','127.3479383'),(61218,68,'36.3234675','127.3479581'),(61219,68,'36.3243564','127.3479698'),(61220,68,'36.3253644','127.3479901'),(61221,68,'36.3254635','127.347991'),(61222,68,'36.3256159','127.3479952'),(61223,68,'36.3256493','127.3479962'),(61224,68,'36.3258864','127.3480102'),(61225,68,'36.3259549','127.3480112'),(61226,68,'36.3280078','127.3480518'),(61227,68,'36.3286776','127.3480583'),(61228,68,'36.3302436','127.3480709'),(61229,68,'36.3315247','127.348065'),(61230,68,'36.3318619','127.3480711'),(61231,68,'36.3320143','127.3480752'),(61232,68,'36.3320503','127.3480763'),(61233,68,'36.3322902','127.3480958'),(61234,68,'36.3323154','127.348098'),(61235,68,'36.3323677','127.3481046'),(61236,68,'36.3324056','127.3481123'),(61237,68,'36.3324489','127.3481245'),(61238,68,'36.333','127.3483842'),(61239,68,'36.3332833','127.348514'),(61240,68,'36.3333329','127.3485373'),(61241,68,'36.3336035','127.3486415'),(61242,68,'36.3343151','127.3488875'),(61243,68,'36.3343602','127.348903'),(61244,68,'36.3357294','127.349443'),(61245,68,'36.3361208','127.3495281'),(61246,68,'36.3363201','127.3495377'),(61247,68,'36.3366446','127.3495516'),(61248,68,'36.3369286','127.3495555'),(61249,68,'36.3370954','127.349544'),(61250,68,'36.3375172','127.3494752'),(61251,68,'36.337574','127.3494618'),(61252,68,'36.3380021','127.3493216'),(61253,68,'36.3380507','127.3492948'),(61254,68,'36.3392562','127.3486384'),(61255,68,'36.3393462','127.3485858'),(61256,68,'36.3395093','127.3485097'),(61257,68,'36.339558','127.3484874'),(61258,68,'36.339822','127.3483632'),(61259,68,'36.3408166','127.3478442'),(61260,68,'36.3411554','127.3476674'),(61261,68,'36.3412833','127.3475992'),(61262,68,'36.3418528','127.3473496'),(61263,68,'36.3419357','127.3473149'),(61264,68,'36.3420249','127.3472779'),(61265,68,'36.3422222','127.347214'),(61266,68,'36.3429658','127.3470365'),(61267,68,'36.3430875','127.3470173'),(61268,68,'36.3431758','127.3470105'),(61269,68,'36.3432344','127.3470104'),(61270,68,'36.3436266','127.3470096'),(61271,68,'36.3438808','127.347028'),(61272,68,'36.3441658','127.3470721'),(61273,68,'36.3442118','127.347082'),(61274,68,'36.3443425','127.3471096'),(61275,68,'36.3444156','127.3471251'),(61276,68,'36.3446284','127.3471714'),(61277,68,'36.3448349','127.3472167'),(61278,68,'36.3461029','127.3475586'),(61279,68,'36.3464348','127.3476471'),(61280,68,'36.3464844','127.3476604'),(61281,68,'36.3468929','127.3477588'),(61282,68,'36.3472888','127.3478316'),(61283,68,'36.347672','127.3478843'),(61284,68,'36.3478812','127.3479029'),(61285,68,'36.3480281','127.3479159'),(61286,68,'36.348029','127.3479159'),(61287,68,'36.3485403','127.3479439'),(61288,68,'36.3487774','127.3479602'),(61289,68,'36.3489766','127.3479743'),(61290,68,'36.3505418','127.3480715'),(61291,68,'36.3508808','127.3480965'),(61292,68,'36.3510576','127.3481118'),(61293,68,'36.3513308','127.3481391'),(61294,68,'36.3516292','127.3481686'),(61295,68,'36.3516851','127.3481774'),(61296,68,'36.3517699','127.3481906'),(61297,68,'36.3519467','127.3482438'),(61298,68,'36.3520014','127.3480252'),(61299,68,'36.352039','127.3478747'),(61300,68,'36.3520955','127.3476283'),(61301,68,'36.352458','127.3462244'),(61302,68,'36.352519','127.3460014'),(61303,68,'36.3527577','127.3451461'),(61304,68,'36.3528052','127.3449755'),(61305,68,'36.3528331','127.344874'),(61306,68,'36.3529999','127.344235'),(61307,68,'36.353148','127.3437365'),(61308,68,'36.3532665','127.3433161'),(61309,68,'36.3535025','127.3424864'),(61310,68,'36.3535994','127.3421563'),(61311,68,'36.3536183','127.3420894'),(61312,68,'36.3536281','127.3420081'),(61313,68,'36.3536798','127.3416101'),(61314,68,'36.3536942','127.3415632'),(61315,68,'36.3537094','127.341513'),(61316,68,'36.3537795','127.3413'),(61317,68,'36.3538764','127.3409956'),(61318,68,'36.3540326','127.3404625'),(61319,68,'36.3541017','127.3402205'),(61320,68,'36.3542641','127.3396484'),(61321,68,'36.3542838','127.3395726'),(61322,68,'36.3543853','127.339228'),(61323,68,'36.3544301','127.3390908'),(61324,68,'36.3544813','127.3389346'),(61325,68,'36.3546833','127.3382867'),(61326,68,'36.3548833','127.3374871'),(61327,68,'36.3550321','127.3368805'),(61328,68,'36.3550626','127.3367467'),(61329,68,'36.3552312','127.3367619'),(61330,68,'36.3561496','127.3366029'),(61331,68,'36.356329','127.3365735'),(61332,68,'36.3564011','127.3365633'),(61333,68,'36.3564705','127.3365532'),(61334,68,'36.3567959','127.336528'),(61335,68,'36.356841','127.3365245'),(61336,68,'36.3568599','127.3365234'),(61337,68,'36.3572096','127.336468'),(61338,68,'36.3573331','127.3364499'),(61339,68,'36.357332','127.3363218'),(61340,68,'36.3573122','127.3356564'),(61341,68,'36.3573076','127.335555'),(61342,68,'36.3573046','127.33537'),(61343,68,'36.3572997','127.3350869'),(61344,68,'36.3573087','127.3337482'),(61345,68,'36.3573094','127.3336022'),(61346,68,'36.357312','127.3335298'),(61347,68,'36.3573128','127.3334907'),(61348,68,'36.3573307','127.3334015'),(61349,68,'36.3573469','127.3333525'),(61350,68,'36.3573577','127.3333212'),(61351,68,'36.3574169','127.3331249'),(61352,68,'36.3575238','127.3328371'),(61353,68,'36.3576953','127.3323497'),(61354,68,'36.357768','127.3321155'),(61355,68,'36.3578342','127.331791'),(61356,68,'36.3579051','127.3315735'),(61357,68,'36.3579096','127.3315601'),(61358,68,'36.3581386','127.3309154'),(61359,68,'36.3583568','127.330303'),(61360,68,'36.3586262','127.3295467'),(61361,68,'36.3586828','127.3293872'),(61362,68,'36.3587115','127.3292957'),(61363,68,'36.3587698','127.3291084'),(61364,68,'36.3588632','127.3288551'),(61365,68,'36.358927','127.3286767'),(61366,68,'36.3589602','127.3285841'),(61367,68,'36.3592081','127.3279616'),(61368,68,'36.3593409','127.3275366'),(61369,68,'36.3594242','127.3271497'),(61370,68,'36.3594483','127.3269334'),(61371,68,'36.3594614','127.3267026'),(61372,68,'36.3594744','127.3262857'),(61373,68,'36.3594795','127.3260873'),(61374,68,'36.3594825','127.3256994'),(61375,68,'36.3594783','127.3253082'),(61376,68,'36.3594741','127.3248668'),(61377,68,'36.3594658','127.3241368'),(61378,68,'36.3594634','127.3237199'),(61379,68,'36.3594633','127.3236408'),(61380,68,'36.3594584','127.3234034'),(61381,68,'36.3594543','127.3224715'),(61382,68,'36.3594541','127.3223434'),(61383,68,'36.3594413','127.3215743'),(61384,68,'36.3594495','127.3210616'),(61385,68,'36.3594498','127.3206492'),(61386,68,'36.3594475','127.3203438'),(61387,68,'36.3594455','127.3202156'),(61388,68,'36.3594413','127.3197998'),(61389,68,'36.3594317','127.3193863'),(61390,68,'36.3594257','127.3190319'),(61391,68,'36.3594167','127.3184367'),(61392,68,'36.3594077','127.3178315'),(61393,68,'36.3594082','127.3175796'),(61394,68,'36.3594082','127.3175696'),(61395,68,'36.359407','127.3173946'),(61396,68,'36.3593995','127.3172241'),(61397,68,'36.3593353','127.316473'),(61398,68,'36.359316','127.316249'),(61399,68,'36.3592495','127.3158022'),(61400,68,'36.359245','127.3157777'),(61401,68,'36.3592331','127.3157075'),(61402,68,'36.3591876','127.315391'),(61403,68,'36.3591774','127.3152617'),(61404,68,'36.3591926','127.3151313'),(61405,68,'36.3592154','127.3147634'),(61406,68,'36.3592077','127.3144246'),(61407,68,'36.3591993','127.314224'),(61408,68,'36.3591258','127.3110854'),(61409,68,'36.3591249','127.3110498'),(61410,68,'36.3590995','127.3104'),(61411,68,'36.3591243','127.3101124'),(61412,68,'36.3592244','127.3095749'),(61413,68,'36.3592549','127.3094723'),(61414,68,'36.359358','127.309112'),(61415,68,'36.359675','127.3083243'),(61416,68,'36.3597414','127.3081647'),(61417,68,'36.3597522','127.308138'),(61418,68,'36.3601079','127.3072866'),(61419,68,'36.3601186','127.307261'),(61420,68,'36.3603241','127.3066619'),(61421,68,'36.3604412','127.3060619'),(61422,68,'36.3604663','127.3059493'),(61423,68,'36.3605027','127.3056081'),(61424,68,'36.3605178','127.305471'),(61425,68,'36.3605187','127.3054643'),(61426,68,'36.3605196','127.3054342'),(61427,68,'36.3603345','127.3052686'),(61428,68,'36.3602776','127.305232'),(61429,68,'36.3601305','127.3051353'),(61430,68,'36.3600213','127.3050543'),(61431,68,'36.3599617','127.3050098'),(61432,68,'36.3597325','127.3048399'),(61433,68,'36.3589129','127.3042311'),(61434,68,'36.3580696','127.3034786'),(61435,68,'36.3579847','127.3033874'),(61436,68,'36.3578926','127.3032952'),(61437,68,'36.3578294','127.3032307'),(61438,68,'36.3576388','127.3030428'),(61439,68,'36.3575097','127.302916'),(61440,68,'36.3574853','127.3028927'),(61441,68,'36.3571667','127.3026372'),(61442,68,'36.3565746','127.3022697'),(61443,68,'36.3558527','127.3018491'),(61444,68,'36.355415','127.3015705'),(61445,68,'36.3551911','127.3013916'),(61446,68,'36.3550765','127.3012916'),(61447,68,'36.3549582','127.3011894'),(61448,68,'36.3548273','127.301076'),(61449,68,'36.3545546','127.3008404'),(61450,68,'36.3533221','127.2996967'),(61451,68,'36.3531939','127.2995833'),(61452,68,'36.3532362','127.2995398'),(61453,68,'36.3532749','127.2995218'),(61454,68,'36.3533263','127.2995128'),(61455,68,'36.353888','127.2995504'),(61456,68,'36.3541143','127.2995609'),(61457,68,'36.3541793','127.2995686'),(61458,68,'36.354228','127.2995751'),(61459,68,'36.3542938','127.299595'),(61460,68,'36.3543633','127.2996227'),(61461,68,'36.3546132','127.2997458'),(61462,68,'36.3547449','127.2998101'),(61463,68,'36.3549227','127.2998832'),(61464,68,'36.3549488','127.2998943'),(61465,68,'36.3549642','127.2999009'),(63837,69,'36.3038114','127.4589132'),(63838,69,'36.303724','127.4589545'),(63839,69,'36.3025197','127.4595276'),(63840,69,'36.3020402','127.4597562'),(63841,69,'36.3019122','127.4598175'),(63842,69,'36.3017508','127.4598844'),(63843,69,'36.3016985','127.4599'),(63844,69,'36.3016012','127.4599279'),(63845,69,'36.3014759','127.4599536'),(63846,69,'36.30131','127.459957'),(63847,69,'36.3011396','127.4599482'),(63848,69,'36.3010188','127.4599316'),(63849,69,'36.3009079','127.4598937'),(63850,69,'36.3007077','127.4598248'),(63851,69,'36.3006148','127.4597781'),(63852,69,'36.3005084','127.4597091'),(63853,69,'36.3003416','127.4595799'),(63854,69,'36.3002604','127.4595031'),(63855,69,'36.3001955','127.4594285'),(63856,69,'36.3001053','127.4593161'),(63857,69,'36.2999907','127.4591602'),(63858,69,'36.2999276','127.4590522'),(63859,69,'36.2998193','127.4588217'),(63860,69,'36.2997435','127.4586324'),(63861,69,'36.2996073','127.4582683'),(63862,69,'36.2995243','127.4580768'),(63863,69,'36.2993755','127.458166'),(63864,69,'36.2991845','127.4582808'),(63865,69,'36.2990384','127.45837'),(63866,69,'36.2980469','127.4589619'),(63867,69,'36.2979983','127.4589953'),(63868,69,'36.2979586','127.4590288'),(63869,69,'36.2979271','127.4590588'),(63870,69,'36.2978414','127.4591469'),(63871,69,'36.2973349','127.4596673'),(63872,69,'36.2972367','127.4597453'),(63873,69,'36.2970988','127.4598344'),(63874,69,'36.2970051','127.4598991'),(63875,69,'36.2965246','127.4601544'),(63876,69,'36.2964516','127.46019'),(63877,69,'36.2963344','127.4601678'),(63878,69,'36.2962884','127.4601534'),(63879,69,'36.2962361','127.4601244'),(63880,69,'36.2962','127.4600543'),(63881,69,'36.2961702','127.4599641'),(63882,69,'36.2961414','127.4598249'),(63883,69,'36.296208','127.4596121'),(63884,69,'36.2964745','127.4586865'),(63885,69,'36.2964916','127.4586241'),(63886,69,'36.2966987','127.4578867'),(63887,69,'36.2967645','127.4576428'),(63888,69,'36.2968014','127.4575069'),(63889,69,'36.296841','127.4573621'),(63890,69,'36.2968581','127.4573031'),(63891,69,'36.2970868','127.4565634'),(63892,69,'36.2971075','127.4564866'),(63893,69,'36.2972318','127.4561724'),(63894,69,'36.2973535','127.4559095'),(63895,69,'36.2973841','127.4558583'),(63896,69,'36.2974012','127.4558293'),(63897,69,'36.2974291','127.4557981'),(63898,69,'36.2974481','127.4557758'),(63899,69,'36.2977401','127.4555128'),(63900,69,'36.2977905','127.4554682'),(63901,69,'36.297841','127.4554248'),(63902,69,'36.2986377','127.454736'),(63903,69,'36.2986999','127.454687'),(63904,69,'36.2990658','127.4543771'),(63905,69,'36.2992335','127.4542334'),(63906,69,'36.2995083','127.4539748'),(63907,69,'36.3002329','127.4533618'),(63908,69,'36.3002753','127.4533261'),(63909,69,'36.3009666','127.4527499'),(63910,69,'36.3012577','127.4524768'),(63911,69,'36.3013081','127.4524367'),(63912,69,'36.3016659','127.4521124'),(63913,69,'36.3021111','127.4517356'),(63914,69,'36.3023743','127.4515116'),(63915,69,'36.3026068','127.451311'),(63916,69,'36.3027411','127.4511873'),(63917,69,'36.3029718','127.4509811'),(63918,69,'36.3030917','127.4508741'),(63919,69,'36.3032043','127.4507804'),(63920,69,'36.303946','127.4501618'),(63921,69,'36.3040587','127.4500693'),(63922,69,'36.3046661','127.4495498'),(63923,69,'36.3053195','127.4489747'),(63924,69,'36.3054249','127.4488866'),(63925,69,'36.3061828','127.4482'),(63926,69,'36.3064171','127.447928'),(63927,69,'36.3066109','127.4477029'),(63928,69,'36.3066974','127.4475993'),(63929,69,'36.3067082','127.447587'),(63930,69,'36.3068046','127.44747'),(63931,69,'36.3068415','127.4474243'),(63932,69,'36.3072577','127.4467'),(63933,69,'36.307618','127.4459935'),(63934,69,'36.3076658','127.4458999'),(63935,69,'36.3081729','127.4448949'),(63936,69,'36.3082999','127.4446486'),(63937,69,'36.3083467','127.4445539'),(63938,69,'36.308716','127.4437873'),(63939,69,'36.3089808','127.443258'),(63940,69,'36.3091808','127.4428624'),(63941,69,'36.3092321','127.442761'),(63942,69,'36.3092528','127.4427209'),(63943,69,'36.3093483','127.4425314'),(63944,69,'36.3095996','127.4420088'),(63945,69,'36.3097581','127.4416868'),(63946,69,'36.3101985','127.440792'),(63947,69,'36.3102498','127.4406873'),(63948,69,'36.3106659','127.439837'),(63949,69,'36.3111748','127.4388374'),(63950,69,'36.3112342','127.4387304'),(63951,69,'36.3116665','127.4378367'),(63952,69,'36.3117197','127.4377465'),(63953,69,'36.3121492','127.4368616'),(63954,69,'36.3126743','127.4358119'),(63955,69,'36.3130039','127.4351689'),(63956,69,'36.3130201','127.4351421'),(63957,69,'36.3131192','127.4349772'),(63958,69,'36.3131273','127.4349627'),(63959,69,'36.313166','127.4348991'),(63960,69,'36.3133472','127.4347887'),(63961,69,'36.313595','127.4346281'),(63962,69,'36.3138915','127.4344374'),(63963,69,'36.3144665','127.4340748'),(63964,69,'36.3147693','127.4339019'),(63965,69,'36.3153353','127.4335884'),(63966,69,'36.3154741','127.4335114'),(63967,69,'36.3156174','127.4334278'),(63968,69,'36.31585','127.4333117'),(63969,69,'36.3164827','127.4329625'),(63970,69,'36.3169513','127.4326825'),(63971,69,'36.3173812','127.4324214'),(63972,69,'36.3174497','127.4323812'),(63973,69,'36.3174993','127.4323489'),(63974,69,'36.317629','127.432263'),(63975,69,'36.3184663','127.4317621'),(63976,69,'36.3187249','127.4316248'),(63977,69,'36.3188466','127.431569'),(63978,69,'36.3192468','127.4313492'),(63979,69,'36.3190536','127.4308937'),(63980,69,'36.3186076','127.4297489'),(63981,69,'36.3183836','127.4291275'),(63982,69,'36.318343','127.4290094'),(63983,69,'36.3182743','127.4288245'),(63984,69,'36.3180323','127.4281786'),(63985,69,'36.3178662','127.4277365'),(63986,69,'36.3177813','127.4275194'),(63987,69,'36.3176829','127.4272621'),(63988,69,'36.3175619','127.4269403'),(63989,69,'36.3174662','127.4266875'),(63990,69,'36.3174436','127.4266251'),(63991,69,'36.317356','127.4263779'),(63992,69,'36.3172937','127.4262075'),(63993,69,'36.317253','127.4260939'),(63994,69,'36.3172359','127.4260471'),(63995,69,'36.3171284','127.4257587'),(63996,69,'36.3171112','127.4256128'),(63997,69,'36.3171111','127.425527'),(63998,69,'36.3171111','127.4255259'),(63999,69,'36.3171246','127.4254245'),(64000,69,'36.3172011','127.4252161'),(64001,69,'36.3173578','127.4248873'),(64002,69,'36.3174361','127.4247391'),(64003,69,'36.3177306','127.4241807'),(64004,69,'36.3177999','127.4240492'),(64005,69,'36.3178998','127.4238118'),(64006,69,'36.3179304','127.4236669'),(64007,69,'36.3179393','127.4235978'),(64008,69,'36.3179438','127.4235354'),(64009,69,'36.3179438','127.4235065'),(64010,69,'36.317941','127.4233761'),(64011,69,'36.3179419','127.4233093'),(64012,69,'36.3179245','127.4229996'),(64013,69,'36.3178909','127.422612'),(64014,69,'36.3178909','127.4226053'),(64015,69,'36.3178474','127.422172'),(64016,69,'36.317841','127.4221118'),(64017,69,'36.3178147','127.4217754'),(64018,69,'36.3178217','127.4214713'),(64019,69,'36.3178225','127.4214122'),(64020,69,'36.3178225','127.4213944'),(64021,69,'36.3178225','127.421332'),(64022,69,'36.3178269','127.4212396'),(64023,69,'36.3178377','127.4211738'),(64024,69,'36.3178557','127.4210858'),(64025,69,'36.3179042','127.4209164'),(64026,69,'36.3180743','127.4204417'),(64027,69,'36.3181526','127.4202277'),(64028,69,'36.3181697','127.4201887'),(64029,69,'36.318203','127.4201096'),(64030,69,'36.3182174','127.4200739'),(64031,69,'36.3182444','127.4200193'),(64032,69,'36.3182633','127.419968'),(64033,69,'36.3182741','127.4199123'),(64034,69,'36.3182992','127.4197496'),(64035,69,'36.3183055','127.4196516'),(64036,69,'36.3183018','127.4194733'),(64037,69,'36.3182999','127.4194121'),(64038,69,'36.3182816','127.4189854'),(64039,69,'36.3182552','127.4185955'),(64040,69,'36.3182243','127.4182925'),(64041,69,'36.3181953','127.417955'),(64042,69,'36.3181898','127.4178871'),(64043,69,'36.3181653','127.4176621'),(64044,69,'36.3182905','127.417565'),(64045,69,'36.3183167','127.4175416'),(64046,69,'36.318405','127.4174646'),(64047,69,'36.3185833','127.4172483'),(64048,69,'36.3189553','127.4167823'),(64049,69,'36.3190553','127.4166574'),(64050,69,'36.3191887','127.4165046'),(64051,69,'36.3192859','127.4163886'),(64052,69,'36.3196517','127.4159471'),(64053,69,'36.3199003','127.4156449'),(64054,69,'36.3202191','127.415268'),(64055,69,'36.3207497','127.4146536'),(64056,69,'36.3209389','127.414415'),(64057,69,'36.3211577','127.414124'),(64058,69,'36.3215991','127.4135742'),(64059,69,'36.3216649','127.4134962'),(64060,69,'36.321972','127.4131271'),(64061,69,'36.3221314','127.4129253'),(64062,69,'36.3224332','127.4125495'),(64063,69,'36.3228385','127.4120443'),(64064,69,'36.3230159','127.4117868'),(64065,69,'36.3234582','127.4112872'),(64066,69,'36.3237077','127.4109872'),(64067,69,'36.3242554','127.4103136'),(64068,69,'36.324358','127.4101743'),(64069,69,'36.3245769','127.4099233'),(64070,69,'36.3247472','127.4097204'),(64071,69,'36.3247958','127.4096613'),(64072,69,'36.3248579','127.4095865'),(64073,69,'36.3251408','127.4092497'),(64074,69,'36.3256812','127.4085628'),(64075,69,'36.3257325','127.4084992'),(64076,69,'36.3260505','127.4080967'),(64077,69,'36.3263495','127.4077164'),(64078,69,'36.3263828','127.407674'),(64079,69,'36.3266125','127.4074019'),(64080,69,'36.3271826','127.4067249'),(64081,69,'36.3272988','127.4065933'),(64082,69,'36.3278915','127.4058996'),(64083,69,'36.3282536','127.4054591'),(64084,69,'36.3285661','127.4050498'),(64085,69,'36.3283889','127.4044951'),(64086,69,'36.3283727','127.4044506'),(64087,69,'36.3283411','127.4043615'),(64088,69,'36.3282787','127.4041265'),(64089,69,'36.3281656','127.4036999'),(64090,69,'36.3281141','127.4035039'),(64091,69,'36.3280951','127.4034292'),(64092,69,'36.3279269','127.4027855'),(64093,69,'36.3278916','127.4026618'),(64094,69,'36.3278536','127.4025014'),(64095,69,'36.3278409','127.4024413'),(64096,69,'36.3275724','127.4014244'),(64097,69,'36.3274864','127.401098'),(64098,69,'36.3272549','127.4002215'),(64099,69,'36.3272278','127.4001402'),(64100,69,'36.3271492','127.3998985'),(64101,69,'36.3270841','127.3996858'),(64102,69,'36.327066','127.3996245'),(64103,69,'36.3270407','127.3995165'),(64104,69,'36.3270271','127.3994608'),(64105,69,'36.326791','127.3985743'),(64106,69,'36.3264329','127.3972366'),(64107,69,'36.3263994','127.3971119'),(64108,69,'36.3263705','127.3970072'),(64109,69,'36.3263244','127.396849'),(64110,69,'36.3261245','127.3961117'),(64111,69,'36.3259354','127.3954045'),(64112,69,'36.3258684','127.3950559'),(64113,69,'36.3258413','127.3949144'),(64114,69,'36.3258413','127.3949133'),(64115,69,'36.3258294','127.3948164'),(64116,69,'36.3259211','127.394511'),(64117,69,'36.325931','127.3944764'),(64118,69,'36.3260137','127.3942101'),(64119,69,'36.3260155','127.3942034'),(64120,69,'36.3260803','127.3939983'),(64121,69,'36.3261863','127.3936338'),(64122,69,'36.3262636','127.3933741'),(64123,69,'36.3263436','127.3930788'),(64124,69,'36.3264451','127.392702'),(64125,69,'36.3264829','127.3925616'),(64126,69,'36.3265314','127.3924055'),(64127,69,'36.3266545','127.3919787'),(64128,69,'36.3267327','127.3917123'),(64129,69,'36.3267786','127.3915752'),(64130,69,'36.3268577','127.3913433'),(64131,69,'36.3269404','127.3911025'),(64132,69,'36.3269746','127.391'),(64133,69,'36.327016','127.3908874'),(64134,69,'36.3270357','127.3908272'),(64135,69,'36.3278002','127.3888296'),(64136,69,'36.3278749','127.3886367'),(64137,69,'36.3281036','127.3883434'),(64138,69,'36.328145','127.388292'),(64139,69,'36.3281513','127.3882831'),(64140,69,'36.328199','127.3882218'),(64141,69,'36.328272','127.3881392'),(64142,69,'36.3285494','127.3878246'),(64143,69,'36.3286079','127.3877499'),(64144,69,'36.3286925','127.3876495'),(64145,69,'36.329358','127.3867995'),(64146,69,'36.3295993','127.3865106'),(64147,69,'36.3296497','127.3864492'),(64148,69,'36.3299082','127.3861124'),(64149,69,'36.3302576','127.3856874'),(64150,69,'36.330688','127.3851798'),(64151,69,'36.3307664','127.3850872'),(64152,69,'36.3310752','127.3847146'),(64153,69,'36.3313157','127.3844646'),(64154,69,'36.3313661','127.3844122'),(64155,69,'36.3313336','127.3843755'),(64156,69,'36.3310809','127.3840839'),(64157,69,'36.3306134','127.3835208'),(64158,69,'36.330459','127.3833361'),(64159,69,'36.3300908','127.3829244'),(64160,69,'36.3300484','127.3828765'),(64161,69,'36.3299915','127.382812'),(64162,69,'36.3299238','127.3827375'),(64163,69,'36.3296504','127.3824382'),(64164,69,'36.3293543','127.3820965'),(64165,69,'36.3292081','127.3819363'),(64166,69,'36.3291747','127.381894'),(64167,69,'36.3291206','127.3818395'),(64168,69,'36.3289635','127.3816526'),(64169,69,'36.3288426','127.3815213'),(64170,69,'36.3286576','127.38135'),(64171,69,'36.3287169','127.3811694'),(64172,69,'36.3290247','127.3806241'),(64173,69,'36.3295935','127.3795904'),(64174,69,'36.3296645','127.3794621'),(64175,69,'36.3298661','127.3790997'),(64176,69,'36.3298931','127.3790473'),(64177,69,'36.3299453','127.3789581'),(64178,69,'36.329966','127.3789213'),(64179,69,'36.3299849','127.3788889'),(64180,69,'36.330263','127.378386'),(64181,69,'36.330299','127.3783213'),(64182,69,'36.3304178','127.3781206'),(64183,69,'36.3307165','127.3775741'),(64184,69,'36.3308146','127.3774024'),(64185,69,'36.3309973','127.3770768'),(64186,69,'36.3311386','127.3768247'),(64187,69,'36.3312079','127.3766998'),(64188,69,'36.3312907','127.3765582'),(64189,69,'36.3315705','127.3760731'),(64190,69,'36.3316497','127.375937'),(64191,69,'36.3316947','127.3758578'),(64192,69,'36.3320583','127.3752244'),(64193,69,'36.3321825','127.3749991'),(64194,69,'36.3322707','127.3748352'),(64195,69,'36.332385','127.3746411'),(64196,69,'36.3324272','127.3745686'),(64197,69,'36.3324893','127.3744582'),(64198,69,'36.3325235','127.3743946'),(64199,69,'36.3326954','127.3740991'),(64200,69,'36.3328916','127.3737745'),(64201,69,'36.3332344','127.3731266'),(64202,69,'36.3332416','127.3731121'),(64203,69,'36.3333325','127.3729493'),(64204,69,'36.3334441','127.3727608'),(64205,69,'36.3336474','127.3723916'),(64206,69,'36.3338561','127.3719333'),(64207,69,'36.3339128','127.3718085'),(64208,69,'36.3340333','127.3715119'),(64209,69,'36.3341078','127.3712622'),(64210,69,'36.3342325','127.3706625'),(64211,69,'36.3343743','127.3700739'),(64212,69,'36.3343949','127.3699937'),(64213,69,'36.3344102','127.3699034'),(64214,69,'36.3344155','127.3698087'),(64215,69,'36.3344199','127.3696983'),(64216,69,'36.3344225','127.3696226'),(64217,69,'36.334425','127.369422'),(64218,69,'36.3344265','127.3691735'),(64219,69,'36.3344171','127.3688626'),(64220,69,'36.3343866','127.3681251'),(64221,69,'36.3343755','127.3678933'),(64222,69,'36.3343598','127.36751'),(64223,69,'36.3343559','127.3672716'),(64224,69,'36.3343947','127.3665428'),(64225,69,'36.3343778','127.3658709'),(64226,69,'36.33426','127.3638008'),(64227,69,'36.3342052','127.3631892'),(64228,69,'36.333884','127.3606014'),(64229,69,'36.3337146','127.3598963'),(64230,69,'36.3336576','127.3597048'),(64231,69,'36.3333331','127.3589956'),(64232,69,'36.332968','127.3582753'),(64233,69,'36.3327927','127.357928'),(64234,69,'36.3325387','127.3573691'),(64235,69,'36.3324239','127.3571008'),(64236,69,'36.3323406','127.3568213'),(64237,69,'36.3322853','127.3565618'),(64238,69,'36.3322417','127.3562699'),(64239,69,'36.3322214','127.3559301'),(64240,69,'36.3322227','127.3539758'),(64241,69,'36.3321683','127.3530098'),(64242,69,'36.3321537','127.3528706'),(64243,69,'36.3321536','127.352787'),(64244,69,'36.3321551','127.3525185'),(64245,69,'36.3321639','127.348768'),(64246,69,'36.3321694','127.3474097'),(64247,69,'36.332175','127.3461896'),(64248,69,'36.3321757','127.346008'),(64249,69,'36.3321814','127.3441216'),(64250,69,'36.332178','127.3415767'),(64251,69,'36.332182','127.3411644'),(64252,69,'36.3321816','127.3409137'),(64253,69,'36.3321816','127.3408859'),(64254,69,'36.3321823','127.3407511'),(64255,69,'36.3321844','127.3402552'),(64256,69,'36.3321872','127.339658'),(64257,69,'36.3321886','127.3393861'),(64258,69,'36.3321963','127.3384123'),(64259,69,'36.3321869','127.3381438'),(64260,69,'36.3321875','127.337883'),(64261,69,'36.3321962','127.3370295'),(64262,69,'36.3321979','127.3369125'),(64263,69,'36.3322002','127.3366429'),(64264,69,'36.3322019','127.3365437'),(64265,69,'36.3322051','127.3336612'),(64266,69,'36.3322066','127.3321603'),(64267,69,'36.3322105','127.3285691'),(64268,69,'36.3322104','127.3284499'),(64269,69,'36.332212','127.3283251'),(64270,69,'36.3322136','127.3282126'),(64271,69,'36.3322161','127.3280299'),(64272,69,'36.3322292','127.3271451'),(64273,69,'36.332241','127.326539'),(64274,69,'36.3322494','127.3261144'),(64275,69,'36.3322479','127.3257166'),(64276,69,'36.3322543','127.3251751'),(64277,69,'36.3322626','127.3228363'),(64278,69,'36.3322648','127.3225266'),(64279,69,'36.3322785','127.3202279'),(64280,69,'36.3322764','127.3193911'),(64281,69,'36.332276','127.3191281'),(64282,69,'36.3322759','127.3190713'),(64283,69,'36.3322766','127.3189766'),(64284,69,'36.3322764','127.3188228'),(64285,69,'36.3322769','127.3185811'),(64286,69,'36.3322776','127.3184251'),(64287,69,'36.3322804','127.3172696'),(64288,69,'36.3322828','127.3164818'),(64289,69,'36.3322896','127.3150433'),(64290,69,'36.3323371','127.314914'),(64291,69,'36.3323767','127.3148515'),(64292,69,'36.3324109','127.3148146'),(64293,69,'36.3324604','127.3147867'),(64294,69,'36.3325073','127.3147843'),(64295,69,'36.3326309','127.3147963'),(64296,69,'36.333333','127.3152615'),(64297,69,'36.3371329','127.3175792'),(64298,69,'36.3372078','127.3176247'),(64299,69,'36.3381517','127.3181908'),(64300,69,'36.3392418','127.3188491'),(64301,69,'36.3397733','127.3191699'),(64302,69,'36.3398518','127.3192209'),(64303,69,'36.3400106','127.3193108'),(64304,69,'36.3403271','127.3193837'),(64305,69,'36.3410256','127.3198345'),(64306,69,'36.3413144','127.3200522'),(64307,69,'36.3414688','127.3201811'),(64308,69,'36.3416101','127.3200014'),(64309,69,'36.3417945','127.3197614'),(64310,69,'36.3418134','127.3197335'),(64311,69,'36.3419826','127.3195091'),(64312,69,'36.3420284','127.3194432'),(64313,69,'36.342041','127.3194254'),(64314,69,'36.3421796','127.3192535'),(64315,69,'36.342328','127.3190503'),(64316,69,'36.3425691','127.3186787'),(64317,69,'36.3427201','127.3183752'),(64318,69,'36.3428432','127.3181008'),(64319,69,'36.3428719','127.3180394'),(64320,69,'36.3428962','127.3179769'),(64321,69,'36.3429168','127.3179256'),(64322,69,'36.3431037','127.3174772'),(64323,69,'36.3434765','127.3165837'),(64324,69,'36.3436543','127.3161743'),(64325,69,'36.3439301','127.3155095'),(64326,69,'36.3440613','127.3152239'),(64327,69,'36.3441134','127.3151101'),(64328,69,'36.3441772','127.3149562'),(64329,69,'36.3443074','127.3146516'),(64330,69,'36.3445742','127.314047'),(64331,69,'36.3447359','127.3136789'),(64332,69,'36.3448248','127.3134669'),(64333,69,'36.3452353','127.312493'),(64334,69,'36.3453413','127.3122387'),(64335,69,'36.3454194','127.3120212'),(64336,69,'36.3454606','127.3118774'),(64337,69,'36.3455171','127.3116588'),(64338,69,'36.3455448','127.3115194'),(64339,69,'36.3455591','127.3114235'),(64340,69,'36.3455724','127.3112742'),(64341,69,'36.3455767','127.3111516'),(64342,69,'36.3455656','127.31099'),(64343,69,'36.3455519','127.3108898'),(64344,69,'36.3455392','127.3108029'),(64345,69,'36.3455065','127.310648'),(64346,69,'36.3454937','127.3105734'),(64347,69,'36.3453958','127.3101992'),(64348,69,'36.3452591','127.3098607'),(64349,69,'36.3449823','127.3092429'),(64350,69,'36.3449524','127.309175'),(64351,69,'36.3446556','127.3085071'),(64352,69,'36.3445498','127.3082744'),(64353,69,'36.344416','127.3080318'),(64354,69,'36.3443572','127.307925'),(64355,69,'36.3442857','127.3077903'),(64356,69,'36.344058','127.3074309'),(64357,69,'36.3440327','127.3073864'),(64358,69,'36.3440155','127.3073653'),(64359,69,'36.3439848','127.3073308'),(64360,69,'36.3438575','127.3071952'),(64361,69,'36.343611','127.3069907'),(64362,69,'36.3435704','127.3069585'),(64363,69,'36.3431354','127.3066609'),(64364,69,'36.3430911','127.3066321'),(64365,69,'36.3423493','127.306157'),(64366,69,'36.3418141','127.3058095'),(64367,69,'36.3415957','127.305673'),(64368,69,'36.3417296','127.3054197'),(64369,69,'36.3418537','127.3052121'),(64370,69,'36.3418843','127.3051619'),(64371,69,'36.342341','127.304374'),(64372,69,'36.3424912','127.3041619'),(64373,69,'36.3425623','127.3040826'),(64374,69,'36.3426424','127.3039921'),(64375,69,'36.3426829','127.3039497'),(64376,69,'36.3427342','127.3038938'),(64377,69,'36.3427477','127.3038793'),(64378,69,'36.3428341','127.3037832'),(64379,69,'36.3429583','127.3036492'),(64380,69,'36.3436948','127.3030957'),(64381,69,'36.3442387','127.3026865'),(64382,69,'36.3443899','127.3025669'),(64383,69,'36.344434','127.3025344'),(64384,69,'36.3448293','127.302247'),(64385,69,'36.3449464','127.3021632'),(64386,69,'36.3450247','127.3021072'),(64387,69,'36.3454912','127.3017784'),(64388,69,'36.345647','127.3016688'),(64389,69,'36.3457046','127.3016208'),(64390,69,'36.3457649','127.3015738'),(64391,69,'36.3458829','127.3014921'),(64392,69,'36.3459909','127.3014116'),(64393,69,'36.3460063','127.3014004'),(64394,69,'36.3462413','127.3012249'),(64395,69,'36.3464636','127.3010382'),(64396,69,'36.3465249','127.3009868'),(64397,69,'36.3467832','127.3007365'),(64398,69,'36.3470577','127.3004494'),(64399,69,'36.3472134','127.3002796'),(64400,69,'36.3473123','127.3001712'),(64401,69,'36.3473474','127.300131'),(64402,69,'36.347414','127.3000629'),(64403,69,'36.3475554','127.2999299'),(64404,69,'36.3476616','127.2998249'),(64405,69,'36.3476742','127.2998115'),(64406,69,'36.3478325','127.299625'),(64407,69,'36.3479495','127.2994742'),(64408,69,'36.348158','127.2991115'),(64409,69,'36.3482577','127.2988995'),(64410,69,'36.348316','127.2987243'),(64411,69,'36.3483904','127.2984745'),(64412,69,'36.3484137','127.2983976'),(64413,69,'36.3484326','127.2983228'),(64414,69,'36.3484729','127.298199'),(64415,69,'36.3484792','127.2981756'),(64416,69,'36.3484828','127.2981622'),(64417,69,'36.3488556','127.2968774'),(64418,69,'36.3489256','127.2966521'),(64419,69,'36.3489695','127.2965038'),(64420,69,'36.3491734','127.2966046'),(64421,69,'36.3493836','127.296691'),(64422,69,'36.3499583','127.2969425'),(64423,69,'36.350017','127.2969691'),(64424,69,'36.3500549','127.2969891'),(64425,69,'36.3505043','127.2972643'),(64426,69,'36.3507119','127.2973953'),(64427,69,'36.3508626','127.2975086'),(64428,69,'36.350915','127.2975474'),(64429,69,'36.3509385','127.2975652'),(64430,69,'36.3511614','127.2977407'),(64431,69,'36.3513519','127.2979041'),(64432,69,'36.3515895','127.2981475'),(64433,69,'36.3516924','127.2982542'),(64434,69,'36.3528782','127.299476'),(64435,69,'36.352964','127.299565'),(64436,69,'36.3531076','127.2997151'),(64437,69,'36.3531939','127.2995833'),(64438,69,'36.3532362','127.2995398'),(64439,69,'36.3532749','127.2995218'),(64440,69,'36.3533263','127.2995128'),(64441,69,'36.353888','127.2995504'),(64442,69,'36.3541143','127.2995609'),(64443,69,'36.3541793','127.2995686'),(64444,69,'36.354228','127.2995751'),(64445,69,'36.3542938','127.299595'),(64446,69,'36.3543633','127.2996227'),(64447,69,'36.3546132','127.2997458'),(64448,69,'36.3547449','127.2998101'),(64449,69,'36.3549227','127.2998832'),(64450,69,'36.3549398','127.2998909'),(64451,72,'36.391714','127.3147644'),(64452,72,'36.3915781','127.3148673'),(64453,72,'36.3909783','127.3152891'),(64454,72,'36.3896077','127.316297'),(64455,72,'36.3893042','127.3165252'),(64456,72,'36.3882561','127.3173126'),(64457,72,'36.3881498','127.3173987'),(64458,72,'36.3877374','127.3177298'),(64459,72,'36.3876951','127.3177644'),(64460,72,'36.3875483','127.3178651'),(64461,72,'36.3874195','127.3179546'),(64462,72,'36.3873943','127.3179714'),(64463,72,'36.3872952','127.3180408'),(64464,72,'36.3872115','127.3181001'),(64465,72,'36.3871863','127.3181191'),(64466,72,'36.3869954','127.3182622'),(64467,72,'36.3869737','127.318279'),(64468,72,'36.3869224','127.318317'),(64469,72,'36.3869116','127.318326'),(64470,72,'36.3868171','127.318402'),(64471,72,'36.3866154','127.3185597'),(64472,72,'36.3865721','127.3185933'),(64473,72,'36.3864243','127.3186126'),(64474,72,'36.3861875','127.3187737'),(64475,72,'36.3859119','127.3189784'),(64476,72,'36.3852492','127.319524'),(64477,72,'36.3847477','127.3199633'),(64478,72,'36.3845334','127.3201534'),(64479,72,'36.3844137','127.3202495'),(64480,72,'36.3842801','127.3201807'),(64481,72,'36.3841376','127.3201086'),(64482,72,'36.3840221','127.3200486'),(64483,72,'36.3837866','127.3199299'),(64484,72,'36.383663','127.3198666'),(64485,72,'36.3833508','127.3196923'),(64486,72,'36.3829971','127.319498'),(64487,72,'36.3827345','127.3193436'),(64488,72,'36.3826569','127.3193014'),(64489,72,'36.3825667','127.3192582'),(64490,72,'36.3817808','127.3188095'),(64491,72,'36.381641','127.3187318'),(64492,72,'36.3810382','127.3183987'),(64493,72,'36.380976','127.3183654'),(64494,72,'36.3809552','127.3183543'),(64495,72,'36.3808993','127.3183244'),(64496,72,'36.3808163','127.3182833'),(64497,72,'36.3804193','127.3180847'),(64498,72,'36.3803363','127.318038'),(64499,72,'36.3801135','127.317946'),(64500,72,'36.3798799','127.317883'),(64501,72,'36.3798294','127.3178697'),(64502,72,'36.3797906','127.317862'),(64503,72,'36.3797644','127.3178576'),(64504,72,'36.3795832','127.3178123'),(64505,72,'36.3794957','127.3178081'),(64506,72,'36.379291','127.3177996'),(64507,72,'36.3789575','127.3178116'),(64508,72,'36.3785942','127.3178124'),(64509,72,'36.3784914','127.3178127'),(64510,72,'36.3784139','127.3178128'),(64511,72,'36.3782813','127.3178131'),(64512,72,'36.3763214','127.3178099'),(64513,72,'36.3761979','127.3178135'),(64514,72,'36.3760374','127.3178173'),(64515,72,'36.3759671','127.3178185'),(64516,72,'36.375767','127.3178235'),(64517,72,'36.3754433','127.317822'),(64518,72,'36.3741893','127.3178071'),(64519,72,'36.374082','127.3178062'),(64520,72,'36.3740459','127.3178063'),(64521,72,'36.373688','127.3178038'),(64522,72,'36.3726647','127.317795'),(64523,72,'36.3723789','127.317789'),(64524,72,'36.3722374','127.3177882'),(64525,72,'36.372214','127.3177883'),(64526,72,'36.3721743','127.3177873'),(64527,72,'36.3719976','127.3177854'),(64528,72,'36.3717695','127.3177804'),(64529,72,'36.3711546','127.3177707'),(64530,72,'36.3700782','127.3177542'),(64531,72,'36.3697013','127.3177473'),(64532,72,'36.3695967','127.3177487'),(64533,72,'36.36953','127.3177499'),(64534,72,'36.3693623','127.3177514'),(64535,72,'36.3690766','127.3177532'),(64536,72,'36.3684662','127.3177491'),(64537,72,'36.3675088','127.317758'),(64538,72,'36.3673014','127.3177607'),(64539,72,'36.3672437','127.3177597'),(64540,72,'36.3671978','127.3177621'),(64541,72,'36.3669327','127.3177627'),(64542,72,'36.3668471','127.3177651'),(64543,72,'36.3668335','127.3177651'),(64544,72,'36.36682','127.3177652'),(64545,72,'36.366788','127.318035'),(64546,72,'36.3667918','127.3181922'),(64547,72,'36.3667901','127.3182702'),(64548,72,'36.3667903','127.3183494'),(64549,72,'36.3667826','127.3204116'),(64550,72,'36.3667885','127.3207717'),(64551,72,'36.3668034','127.321718'),(64552,72,'36.3668233','127.3229642'),(64553,72,'36.3668234','127.3230189'),(64554,72,'36.3668235','127.3230512'),(64555,72,'36.3668236','127.3231337'),(64556,72,'36.3668246','127.3232006'),(64557,72,'36.3668247','127.3232496'),(64558,72,'36.366823','127.3233265'),(64559,72,'36.3668222','127.3233878'),(64560,72,'36.3668074','127.3237847'),(64561,72,'36.3668033','127.3240567'),(64562,72,'36.3667916','127.325274'),(64563,72,'36.3667806','127.3263743'),(64564,72,'36.3667743','127.3269996'),(64565,72,'36.3667747','127.3279126'),(64566,72,'36.3667743','127.3282871'),(64567,72,'36.3667736','127.3284499'),(64568,72,'36.3667675','127.3304742'),(64569,72,'36.3667642','127.3307072'),(64570,72,'36.3667626','127.3308499'),(64571,72,'36.3667493','127.3310116'),(64572,72,'36.3667359','127.331103'),(64573,72,'36.3667234','127.3311911'),(64574,72,'36.3666876','127.3313205'),(64575,72,'36.366658','127.3314242'),(64576,72,'36.366596','127.3315927'),(64577,72,'36.3665699','127.3316551'),(64578,72,'36.3665448','127.3317199'),(64579,72,'36.3663059','127.3323569'),(64580,72,'36.3661775','127.3327172'),(64581,72,'36.3654984','127.3345367'),(64582,72,'36.365449','127.3346706'),(64583,72,'36.3653493','127.3349495'),(64584,72,'36.3645178','127.3373501'),(64585,72,'36.3644765','127.3374783'),(64586,72,'36.3644191','127.3376646'),(64587,72,'36.3643445','127.337871'),(64588,72,'36.3642888','127.3380238'),(64589,72,'36.3642754','127.3380617'),(64590,72,'36.3642493','127.3381342'),(64591,72,'36.3641802','127.3383439'),(64592,72,'36.3641416','127.3384622'),(64593,72,'36.3641164','127.3385247'),(64594,72,'36.3640616','127.338683'),(64595,72,'36.3635983','127.3400673'),(64596,72,'36.3635498','127.3402123'),(64597,72,'36.3634995','127.3403573'),(64598,72,'36.3634879','127.3403919'),(64599,72,'36.3633567','127.3407645'),(64600,72,'36.3632317','127.3409598'),(64601,72,'36.3631786','127.3410658'),(64602,72,'36.3630735','127.3413391'),(64603,72,'36.3629774','127.3415823'),(64604,72,'36.3622247','127.3436994'),(64605,72,'36.3621519','127.343908'),(64606,72,'36.3620997','127.3439984'),(64607,72,'36.3620081','127.3442371'),(64608,72,'36.3619667','127.3443297'),(64609,72,'36.3619497','127.3443632'),(64610,72,'36.3618298','127.3444103'),(64611,72,'36.3616081','127.3444375'),(64612,72,'36.3610028','127.3442057'),(64613,72,'36.3607909','127.3441248'),(64614,72,'36.3606691','127.3440827'),(64615,72,'36.3602831','127.3439374'),(64616,72,'36.3601478','127.3438831'),(64617,72,'36.3595245','127.3436625'),(64618,72,'36.3594523','127.3436314'),(64619,72,'36.3593748','127.3435993'),(64620,72,'36.3592124','127.3435338'),(64621,72,'36.3589499','127.3434374'),(64622,72,'36.3586965','127.3433342'),(64623,72,'36.3586414','127.343312'),(64624,72,'36.3579757','127.3430358'),(64625,72,'36.3578576','127.342987'),(64626,72,'36.3573326','127.3427875'),(64627,72,'36.3570909','127.3426832'),(64628,72,'36.3569916','127.3426366'),(64629,72,'36.3562159','127.3423372'),(64630,72,'36.3557369','127.3421487'),(64631,72,'36.3556332','127.3421088'),(64632,72,'36.3554988','127.3420589'),(64633,72,'36.3553247','127.3419991'),(64634,72,'36.3551489','127.3419493'),(64635,72,'36.3543444','127.3417269'),(64636,72,'36.3541848','127.3416759'),(64637,72,'36.354155','127.3416659'),(64638,72,'36.3540286','127.3414845'),(64639,72,'36.3539436','127.3413331'),(64640,72,'36.3539192','127.3412529'),(64641,72,'36.3538764','127.3409956'),(64642,72,'36.3540326','127.3404625'),(64643,72,'36.3540855','127.3402763'),(64644,72,'36.3542641','127.3396484'),(64645,72,'36.3542838','127.3395726'),(64646,72,'36.3543853','127.339228'),(64647,72,'36.3544301','127.3390908'),(64648,72,'36.3544813','127.3389346'),(64649,72,'36.3546833','127.3382867'),(64650,72,'36.3548833','127.3374871'),(64651,72,'36.3550321','127.3368805'),(64652,72,'36.3550626','127.3367467'),(64653,72,'36.3551137','127.3365515'),(64654,72,'36.3552491','127.3360374'),(64655,72,'36.3553415','127.3356739'),(64656,72,'36.3554105','127.3354052'),(64657,72,'36.355441','127.3352747'),(64658,72,'36.355641','127.3345364'),(64659,72,'36.3557666','127.334087'),(64660,72,'36.3558276','127.3338584'),(64661,72,'36.3558554','127.3337524'),(64662,72,'36.3558859','127.3336286'),(64663,72,'36.3560186','127.3331179'),(64664,72,'36.3561083','127.3327867'),(64665,72,'36.3561549','127.3325949'),(64666,72,'36.3564231','127.3316614'),(64667,72,'36.3565245','127.3312989'),(64668,72,'36.3554529','127.3308766'),(64669,72,'36.3553591','127.33084'),(64670,72,'36.3542414','127.3304'),(64671,72,'36.35406','127.3302789'),(64672,72,'36.3537162','127.3300489'),(64673,72,'36.3535736','127.3299433'),(64674,72,'36.3533498','127.3297867'),(64675,72,'36.3526062','127.3292232'),(64676,72,'36.3523995','127.3290866'),(64677,72,'36.351691','127.3285499'),(64678,72,'36.3513842','127.3283065'),(64679,72,'36.3505737','127.3277187'),(64680,72,'36.3502994','127.3275142'),(64681,72,'36.3501676','127.3274086'),(64682,72,'36.3495268','127.3269297'),(64683,72,'36.3493355','127.3267875'),(64684,72,'36.3489997','127.3265241'),(64685,72,'36.348775','127.3263418'),(64686,72,'36.3485854','127.3262051'),(64687,72,'36.3485132','127.326144'),(64688,72,'36.3481089','127.3258284'),(64689,72,'36.3473002','127.3252072'),(64690,72,'36.3467975','127.3248127'),(64691,72,'36.3467298','127.3247661'),(64692,72,'36.344642','127.3230557'),(64693,72,'36.3443577','127.3228245'),(64694,72,'36.3433736','127.3218784'),(64695,72,'36.3431479','127.3216605'),(64696,72,'36.3429962','127.3215216'),(64697,72,'36.3428761','127.3214093'),(64698,72,'36.3427163','127.3212614'),(64699,72,'36.3419707','127.3205934'),(64700,72,'36.3419093','127.3205423'),(64701,72,'36.3418532','127.320451'),(64702,72,'36.3418306','127.3203943'),(64703,72,'36.3417998','127.3202639'),(64704,72,'36.3417888','127.3201347'),(64705,72,'36.3417886','127.3200422'),(64706,72,'36.3417945','127.3197614'),(64707,72,'36.3418134','127.3197335'),(64708,72,'36.3419826','127.3195091'),(64709,72,'36.3420284','127.3194432'),(64710,72,'36.342041','127.3194254'),(64711,72,'36.3421796','127.3192535'),(64712,72,'36.342328','127.3190503'),(64713,72,'36.3425691','127.3186787'),(64714,72,'36.3427201','127.3183752'),(64715,72,'36.3428432','127.3181008'),(64716,72,'36.3428719','127.3180394'),(64717,72,'36.3428962','127.3179769'),(64718,72,'36.3429168','127.3179256'),(64719,72,'36.3431037','127.3174772'),(64720,72,'36.3434765','127.3165837'),(64721,72,'36.3436543','127.3161743'),(64722,72,'36.3439301','127.3155095'),(64723,72,'36.3440613','127.3152239'),(64724,72,'36.3441134','127.3151101'),(64725,72,'36.3441772','127.3149562'),(64726,72,'36.3443074','127.3146516'),(64727,72,'36.3445742','127.314047'),(64728,72,'36.3447359','127.3136789'),(64729,72,'36.3448248','127.3134669'),(64730,72,'36.3452353','127.312493'),(64731,72,'36.3453413','127.3122387'),(64732,72,'36.3454194','127.3120212'),(64733,72,'36.3454606','127.3118774'),(64734,72,'36.3455171','127.3116588'),(64735,72,'36.3455448','127.3115194'),(64736,72,'36.3455591','127.3114235'),(64737,72,'36.3455724','127.3112742'),(64738,72,'36.3455767','127.3111516'),(64739,72,'36.3455656','127.31099'),(64740,72,'36.3455519','127.3108898'),(64741,72,'36.3455392','127.3108029'),(64742,72,'36.3455065','127.310648'),(64743,72,'36.3454937','127.3105734'),(64744,72,'36.3453958','127.3101992'),(64745,72,'36.3452591','127.3098607'),(64746,72,'36.3449823','127.3092429'),(64747,72,'36.3449524','127.309175'),(64748,72,'36.3446556','127.3085071'),(64749,72,'36.3445498','127.3082744'),(64750,72,'36.344416','127.3080318'),(64751,72,'36.3443572','127.307925'),(64752,72,'36.3442857','127.3077903'),(64753,72,'36.344058','127.3074309'),(64754,72,'36.3440327','127.3073864'),(64755,72,'36.3440155','127.3073653'),(64756,72,'36.3439848','127.3073308'),(64757,72,'36.3438575','127.3071952'),(64758,72,'36.343611','127.3069907'),(64759,72,'36.3435704','127.3069585'),(64760,72,'36.3431354','127.3066609'),(64761,72,'36.3430911','127.3066321'),(64762,72,'36.3423493','127.306157'),(64763,72,'36.3418141','127.3058095'),(64764,72,'36.3415957','127.305673'),(64765,72,'36.3417296','127.3054197'),(64766,72,'36.3418537','127.3052121'),(64767,72,'36.3418843','127.3051619'),(64768,72,'36.3419077','127.3051217'),(64769,72,'36.342341','127.304374'),(64770,72,'36.3424912','127.3041619'),(64771,72,'36.3425623','127.3040826'),(64772,72,'36.3426424','127.3039921'),(64773,72,'36.3426829','127.3039497'),(64774,72,'36.3427342','127.3038938'),(64775,72,'36.3427477','127.3038793'),(64776,72,'36.3428341','127.3037832'),(64777,72,'36.3429583','127.3036492'),(64778,72,'36.3436948','127.3030957'),(64779,72,'36.3442387','127.3026865'),(64780,72,'36.3443899','127.3025669'),(64781,72,'36.344434','127.3025344'),(64782,72,'36.3448293','127.302247'),(64783,72,'36.3449464','127.3021632'),(64784,72,'36.3450247','127.3021072'),(64785,72,'36.3454705','127.301793'),(64786,72,'36.345647','127.3016688'),(64787,72,'36.3457046','127.3016208'),(64788,72,'36.3457649','127.3015738'),(64789,72,'36.3458829','127.3014921'),(64790,72,'36.3459909','127.3014116'),(64791,72,'36.3460063','127.3014004'),(64792,72,'36.3462413','127.3012249'),(64793,72,'36.3464636','127.3010382'),(64794,72,'36.3465249','127.3009868'),(64795,72,'36.3467832','127.3007365'),(64796,72,'36.3470577','127.3004494'),(64797,72,'36.3472134','127.3002796'),(64798,72,'36.3473123','127.3001712'),(64799,72,'36.3473474','127.300131'),(64800,72,'36.347414','127.3000629'),(64801,72,'36.3475554','127.2999299'),(64802,72,'36.3476616','127.2998249'),(64803,72,'36.3476742','127.2998115'),(64804,72,'36.3478325','127.299625'),(64805,72,'36.3479495','127.2994742'),(64806,72,'36.348158','127.2991115'),(64807,72,'36.3482577','127.2988995'),(64808,72,'36.348316','127.2987243'),(64809,72,'36.3483904','127.2984745'),(64810,72,'36.3484137','127.2983976'),(64811,72,'36.3484326','127.2983228'),(64812,72,'36.3484729','127.298199'),(64813,72,'36.3484828','127.2981622'),(64814,72,'36.3484855','127.2981522'),(64815,72,'36.3488556','127.2968774'),(64816,72,'36.3489256','127.2966521'),(64817,72,'36.3489695','127.2965038'),(64818,72,'36.3491734','127.2966046'),(64819,72,'36.3493836','127.296691'),(64820,72,'36.3499583','127.2969425'),(64821,72,'36.350017','127.2969691'),(64822,72,'36.3500549','127.2969891'),(64823,72,'36.3505043','127.2972643'),(64824,72,'36.3507119','127.2973953'),(64825,72,'36.3508626','127.2975086'),(64826,72,'36.350915','127.2975474'),(64827,72,'36.3509385','127.2975652'),(64828,72,'36.3511614','127.2977407'),(64829,72,'36.3513519','127.2979041'),(64830,72,'36.3515895','127.2981475'),(64831,72,'36.3516924','127.2982542'),(64832,72,'36.3528782','127.299476'),(64833,72,'36.352964','127.299565'),(64834,72,'36.3531076','127.2997151'),(64835,72,'36.3531939','127.2995833'),(64836,72,'36.3532362','127.2995398'),(64837,72,'36.3532749','127.2995218'),(64838,72,'36.3533263','127.2995128'),(64839,72,'36.353888','127.2995504'),(64840,72,'36.3541143','127.2995609'),(64841,72,'36.3541793','127.2995686'),(64842,72,'36.354228','127.2995751'),(64843,72,'36.3542938','127.299595'),(64844,72,'36.3543633','127.2996227'),(64845,72,'36.3546132','127.2997458'),(64846,72,'36.3547449','127.2998101'),(64847,72,'36.3549227','127.2998832'),(64848,72,'36.3548849','127.2999479'),(65359,73,'36.3504645','127.395238'),(65360,73,'36.3501084','127.3952362'),(65361,73,'36.3496495','127.3952302'),(65362,73,'36.3491536','127.3952275'),(65363,73,'36.3491491','127.3952275'),(65364,73,'36.3489913','127.3952244'),(65365,73,'36.3488327','127.3952201'),(65366,73,'36.3487398','127.3952169'),(65367,73,'36.3482737','127.3952175'),(65368,73,'36.3475912','127.3952117'),(65369,73,'36.3474515','127.3952041'),(65370,73,'36.3472522','127.3951932'),(65371,73,'36.3471332','127.3951655'),(65372,73,'36.3470638','127.3951367'),(65373,73,'36.3470466','127.39513'),(65374,73,'36.3469718','127.3950744'),(65375,73,'36.3468942','127.3949931'),(65376,73,'36.3468283','127.3949119'),(65377,73,'36.3467921','127.3948384'),(65378,73,'36.3467587','127.3947682'),(65379,73,'36.3467361','127.3946802'),(65380,73,'36.3467117','127.3945476'),(65381,73,'36.3466987','127.3941821'),(65382,73,'36.3466995','127.394074'),(65383,73,'36.3466966','127.3938689'),(65384,73,'36.3466965','127.3937374'),(65385,73,'36.3466831','127.3928871'),(65386,73,'36.3466985','127.3919164'),(65387,73,'36.3466957','127.3917849'),(65388,73,'36.3466956','127.3916601'),(65389,73,'36.3467196','127.3903829'),(65390,73,'36.3467249','127.3901991'),(65391,73,'36.3467229','127.3900207'),(65392,73,'36.3467229','127.3900185'),(65393,73,'36.3467169','127.3893276'),(65394,73,'36.3467159','127.3892618'),(65395,73,'36.3467278','127.388455'),(65396,73,'36.3467295','127.3884327'),(65397,73,'36.3467247','127.3880816'),(65398,73,'36.346716','127.387452'),(65399,73,'36.3467227','127.3869182'),(65400,73,'36.3467243','127.3866875'),(65401,73,'36.3467278','127.3865593'),(65402,73,'36.3467245','127.3859742'),(65403,73,'36.3467264','127.3851072'),(65404,73,'36.3467281','127.3850403'),(65405,73,'36.3467316','127.3848576'),(65406,73,'36.346735','127.3846525'),(65407,73,'36.3467375','127.3845121'),(65408,73,'36.3467439','127.3836372'),(65409,73,'36.3467289','127.3830867'),(65410,73,'36.3467271','127.3830132'),(65411,73,'36.3467243','127.3829062'),(65412,73,'36.3465618','127.3826847'),(65413,73,'36.3465618','127.3826835'),(65414,73,'36.3465275','127.3826368'),(65415,73,'36.3462277','127.3822249'),(65416,73,'36.3457926','127.3816204'),(65417,73,'36.3453746','127.3810371'),(65418,73,'36.3450297','127.3805462'),(65419,73,'36.3448826','127.3803369'),(65420,73,'36.3447841','127.3801643'),(65421,73,'36.3447453','127.3800841'),(65422,73,'36.3446875','127.3799717'),(65423,73,'36.3448667','127.379802'),(65424,73,'36.3450153','127.3796758'),(65425,73,'36.3450658','127.3796301'),(65426,73,'36.3459144','127.3789713'),(65427,73,'36.3461271','127.3789219'),(65428,73,'36.3464244','127.3786997'),(65429,73,'36.347691','127.3778117'),(65430,73,'36.348099','127.3774478'),(65431,73,'36.3484007','127.3771453'),(65432,73,'36.3484071','127.3771397'),(65433,73,'36.3486034','127.3769611'),(65434,73,'36.3486881','127.3768796'),(65435,73,'36.3484461','127.3765634'),(65436,73,'36.3484407','127.376559'),(65437,73,'36.3481177','127.3763255'),(65438,73,'36.3477992','127.3760997'),(65439,73,'36.3470152','127.3755215'),(65440,73,'36.3467535','127.3753146'),(65441,73,'36.3467057','127.3752857'),(65442,73,'36.3465109','127.3751735'),(65443,73,'36.3462746','127.3750746'),(65444,73,'36.3460194','127.3749993'),(65445,73,'36.3458832','127.3749716'),(65446,73,'36.3458165','127.3749617'),(65447,73,'36.345775','127.3749551'),(65448,73,'36.3450357','127.3749373'),(65449,73,'36.3443802','127.3748882'),(65450,73,'36.3440385','127.374823'),(65451,73,'36.3438825','127.3747776'),(65452,73,'36.3436471','127.3747055'),(65453,73,'36.3435722','127.3746845'),(65454,73,'36.3430329','127.3745115'),(65455,73,'36.3428354','127.3744449'),(65456,73,'36.3427335','127.3744106'),(65457,73,'36.3426902','127.3743961'),(65458,73,'36.3426073','127.3743695'),(65459,73,'36.3424277','127.3742082'),(65460,73,'36.3423068','127.3741338'),(65461,73,'36.3419578','127.3740118'),(65462,73,'36.3417332','127.3739375'),(65463,73,'36.341202','127.3737645'),(65464,73,'36.340963','127.3737047'),(65465,73,'36.3406573','127.3736216'),(65466,73,'36.3405167','127.3735873'),(65467,73,'36.3407202','127.3733719'),(65468,73,'36.3411497','127.3728742'),(65469,73,'36.3411938','127.3728262'),(65470,73,'36.3418241','127.3720875'),(65471,73,'36.3418646','127.3720417'),(65472,73,'36.342223','127.3716366'),(65473,73,'36.3422662','127.3715875'),(65474,73,'36.3423968','127.3714179'),(65475,73,'36.3424139','127.3713956'),(65476,73,'36.3424283','127.3713755'),(65477,73,'36.342458','127.3713364'),(65478,73,'36.3433331','127.3702741'),(65479,73,'36.3435915','127.3699617'),(65480,73,'36.3437158','127.3698244'),(65481,73,'36.343823','127.3697562'),(65482,73,'36.3439663','127.3696624'),(65483,73,'36.3441231','127.3696108'),(65484,73,'36.3443078','127.3695492'),(65485,73,'36.3446242','127.3695119'),(65486,73,'36.3449992','127.3694991'),(65487,73,'36.3456357','127.3694668'),(65488,73,'36.3458214','127.3694576'),(65489,73,'36.3461','127.3694437'),(65490,73,'36.3462325','127.3694368'),(65491,73,'36.3463857','127.369431'),(65492,73,'36.346997','127.3694166'),(65493,73,'36.3474108','127.3694014'),(65494,73,'36.3475054','127.3693968'),(65495,73,'36.3475261','127.3693957'),(65496,73,'36.3476596','127.3693921'),(65497,73,'36.3479499','127.3693782'),(65498,73,'36.3483114','127.3693576'),(65499,73,'36.3486431','127.3693392'),(65500,73,'36.3486873','127.3693369'),(65501,73,'36.3487378','127.3693346'),(65502,73,'36.3496825','127.3692851'),(65503,73,'36.3498159','127.3692793'),(65504,73,'36.3499196','127.3692724'),(65505,73,'36.3511492','127.3691901'),(65506,73,'36.3512998','127.3691743'),(65507,73,'36.3515333','127.3691995'),(65508,73,'36.351683','127.3692494'),(65509,73,'36.3517741','127.3693117'),(65510,73,'36.3521793','127.3696498'),(65511,73,'36.3523246','127.3697866'),(65512,73,'36.3524717','127.3699424'),(65513,73,'36.3525995','127.369755'),(65514,73,'36.3527831','127.3694872'),(65515,73,'36.353126','127.3689572'),(65516,73,'36.3531404','127.3689349'),(65517,73,'36.3531593','127.3689059'),(65518,73,'36.3532943','127.3686917'),(65519,73,'36.3534662','127.3684116'),(65520,73,'36.3536399','127.3681305'),(65521,73,'36.353783','127.3678995'),(65522,73,'36.3538811','127.3677277'),(65523,73,'36.3540079','127.3674857'),(65524,73,'36.3541077','127.3672492'),(65525,73,'36.3542407','127.3667987'),(65526,73,'36.3542828','127.3665846'),(65527,73,'36.354358','127.3660919'),(65528,73,'36.3543812','127.3658857'),(65529,73,'36.354416','127.3655624'),(65530,73,'36.3544409','127.3652748'),(65531,73,'36.3544621','127.3648768'),(65532,73,'36.3544682','127.3646985'),(65533,73,'36.3544734','127.3645369'),(65534,73,'36.3544641','127.3642817'),(65535,73,'36.3544531','127.3641223'),(65536,73,'36.3544403','127.363983'),(65537,73,'36.354433','127.3639117'),(65538,73,'36.3544131','127.3637925'),(65539,73,'36.3544085','127.3637657'),(65540,73,'36.3543586','127.3634794'),(65541,73,'36.3541897','127.3624086'),(65542,73,'36.3539692','127.3611964'),(65543,73,'36.3539284','127.360929'),(65544,73,'36.3538049','127.3602081'),(65545,73,'36.3535935','127.3590538'),(65546,73,'36.3535844','127.3590081'),(65547,73,'36.3535045','127.3585413'),(65548,73,'36.3534973','127.3584967'),(65549,73,'36.3534918','127.35847'),(65550,73,'36.3534828','127.3584243'),(65551,73,'36.3534483','127.3582371'),(65552,73,'36.3533839','127.3578995'),(65553,73,'36.353373','127.3578505'),(65554,73,'36.3532243','127.3571743'),(65555,73,'36.3531276','127.3569214'),(65556,73,'36.3529812','127.3566208'),(65557,73,'36.3529333','127.356535'),(65558,73,'36.3528926','127.3564694'),(65559,73,'36.3524863','127.3559686'),(65560,73,'36.3521044','127.3555001'),(65561,73,'36.3518976','127.3552475'),(65562,73,'36.3514679','127.3547189'),(65563,73,'36.3507816','127.3538352'),(65564,73,'36.3499707','127.3527769'),(65565,73,'36.3492437','127.3517451'),(65566,73,'36.349176','127.3516338'),(65567,73,'36.3490947','127.3515002'),(65568,73,'36.3489953','127.3513043'),(65569,73,'36.348857','127.3510226'),(65570,73,'36.3487882','127.3508176'),(65571,73,'36.348762','127.3507408'),(65572,73,'36.3486986','127.3505035'),(65573,73,'36.3486324','127.350195'),(65574,73,'36.3485967','127.3497749'),(65575,73,'36.3485768','127.3489993'),(65576,73,'36.3485159','127.3486048'),(65577,73,'36.3485176','127.3485592'),(65578,73,'36.3485376','127.3480164'),(65579,73,'36.3485376','127.3480141'),(65580,73,'36.3485403','127.3479439'),(65581,73,'36.348533','127.3472385'),(65582,73,'36.3485369','127.3467604'),(65583,73,'36.3485423','127.3460192'),(65584,73,'36.3485354','127.3455824'),(65585,73,'36.3485315','127.3453138'),(65586,73,'36.3485312','127.345111'),(65587,73,'36.3486659','127.3447129'),(65588,73,'36.3486692','127.3444911'),(65589,73,'36.3486734','127.3442503'),(65590,73,'36.3486731','127.3440018'),(65591,73,'36.3486693','127.343838'),(65592,73,'36.3486709','127.3436664'),(65593,73,'36.3486646','127.3409839'),(65594,73,'36.3486626','127.3407966'),(65595,73,'36.3486659','127.3406139'),(65596,73,'36.3486675','127.3404088'),(65597,73,'36.3487261','127.3404076'),(65598,73,'36.3488171','127.3404007'),(65599,73,'36.3488577','127.3403961'),(65600,73,'36.3489036','127.3403938'),(65601,73,'36.3500106','127.3403069'),(65602,73,'36.3501296','127.340301'),(65603,73,'36.3501765','127.3402998'),(65604,73,'36.3502991','127.3403118'),(65605,73,'36.3506166','127.3403992'),(65606,73,'36.3508619','127.3404968'),(65607,73,'36.3513995','127.3407119'),(65608,73,'36.3516774','127.3408317'),(65609,73,'36.3517171','127.3408484'),(65610,73,'36.3517432','127.3408595'),(65611,73,'36.3517649','127.3408695'),(65612,73,'36.35216','127.3410392'),(65613,73,'36.3525343','127.3412'),(65614,73,'36.3527066','127.3412743'),(65615,73,'36.3527824','127.3413032'),(65616,73,'36.35285','127.3413075'),(65617,73,'36.3532089','127.3413324'),(65618,73,'36.3532684','127.3413568'),(65619,73,'36.3533207','127.3413779'),(65620,73,'36.3535191','127.3414454'),(65621,73,'36.353686','127.3415053'),(65622,73,'36.3537094','127.341513'),(65623,73,'36.354155','127.3416659'),(65624,73,'36.3541848','127.3416759'),(65625,73,'36.3543444','127.3417269'),(65626,73,'36.3551489','127.3419493'),(65627,73,'36.3553247','127.3419991'),(65628,73,'36.3554988','127.3420589'),(65629,73,'36.3556332','127.3421088'),(65630,73,'36.3557369','127.3421487'),(65631,73,'36.3562159','127.3423372'),(65632,73,'36.3569916','127.3426366'),(65633,73,'36.3570909','127.3426832'),(65634,73,'36.3573326','127.3427875'),(65635,73,'36.3576339','127.3429017'),(65636,73,'36.3578576','127.342987'),(65637,73,'36.3579757','127.3430358'),(65638,73,'36.3586414','127.343312'),(65639,73,'36.3586965','127.3433342'),(65640,73,'36.3589499','127.3434374'),(65641,73,'36.3592124','127.3435338'),(65642,73,'36.3593748','127.3435993'),(65643,73,'36.3594168','127.3433774'),(65644,73,'36.3594393','127.3432815'),(65645,73,'36.3596499','127.3423749'),(65646,73,'36.3596831','127.3422121'),(65647,73,'36.3597907','127.3417916'),(65648,73,'36.3598526','127.3415886'),(65649,73,'36.3598643','127.3415608'),(65650,73,'36.3599344','127.3413923'),(65651,73,'36.359991','127.3412373'),(65652,73,'36.3602076','127.3407375'),(65653,73,'36.3604162','127.3402745'),(65654,73,'36.3604332','127.3402365'),(65655,73,'36.3606354','127.3397635'),(65656,73,'36.3606444','127.3397412'),(65657,73,'36.3606912','127.3396374'),(65658,73,'36.3607352','127.3395393'),(65659,73,'36.3610498','127.3388241'),(65660,73,'36.3610525','127.3388174'),(65661,73,'36.3611603','127.3385664'),(65662,73,'36.3611819','127.3385162'),(65663,73,'36.3612161','127.338437'),(65664,73,'36.3613554','127.3381347'),(65665,73,'36.3614471','127.3379361'),(65666,73,'36.3615163','127.3377999'),(65667,73,'36.3615621','127.3377029'),(65668,73,'36.3618498','127.3370625'),(65669,73,'36.3619522','127.3368248'),(65670,73,'36.362025','127.3366374'),(65671,73,'36.3621477','127.3367074'),(65672,73,'36.3628163','127.3371474'),(65673,73,'36.3628578','127.337174'),(65674,73,'36.3636998','127.337762'),(65675,73,'36.3638234','127.3378486'),(65676,73,'36.3641979','127.3381054'),(65677,73,'36.3642493','127.3381342'),(65678,73,'36.3644252','127.3382253'),(65679,73,'36.3645178','127.3379676'),(65680,73,'36.3645186','127.3379642'),(65681,73,'36.3645977','127.3377456'),(65682,73,'36.3646606','127.3375738'),(65683,73,'36.3646758','127.3375314'),(65684,73,'36.364894','127.33687'),(65685,73,'36.3654579','127.3352246'),(65686,73,'36.3656223','127.3347706'),(65687,73,'36.3656555','127.3346757'),(65688,73,'36.3656672','127.3346434'),(65689,73,'36.366144','127.3333125'),(65690,73,'36.3663299','127.3327949'),(65691,73,'36.366435','127.3324982'),(65692,73,'36.3664601','127.3324279'),(65693,73,'36.3665391','127.3321925'),(65694,73,'36.3665912','127.3320375'),(65695,73,'36.366655','127.3318668'),(65696,73,'36.366681','127.3317976'),(65697,73,'36.3666981','127.3317519'),(65698,73,'36.3667053','127.3317318'),(65699,73,'36.3668167','127.3314372'),(65700,73,'36.3668409','127.331338'),(65701,73,'36.3668731','127.3312075'),(65702,73,'36.3668937','127.331067'),(65703,73,'36.3668999','127.3310246'),(65704,73,'36.3669051','127.3308964'),(65705,73,'36.3669192','127.330669'),(65706,73,'36.3669145','127.3305018'),(65707,73,'36.3669128','127.3299467'),(65708,73,'36.3669077','127.3282868'),(65709,73,'36.3669081','127.3279034'),(65710,73,'36.3669077','127.3263706'),(65711,73,'36.3669079','127.3252749'),(65712,73,'36.3669247','127.3244867'),(65713,73,'36.3669358','127.3240319'),(65714,73,'36.3669494','127.3234622'),(65715,73,'36.3669493','127.3233998'),(65716,73,'36.3669492','127.3233374'),(65717,73,'36.3669491','127.323246'),(65718,73,'36.3669499','127.3231914'),(65719,73,'36.3669489','127.3231356'),(65720,73,'36.3669479','127.3230464'),(65721,73,'36.3669478','127.3230241'),(65722,73,'36.3669477','127.3229461'),(65723,73,'36.3669476','127.3228424'),(65724,73,'36.3669463','127.3226251'),(65725,73,'36.3669451','127.3224133'),(65726,73,'36.3669439','127.3221981'),(65727,73,'36.3669417','127.321934'),(65728,73,'36.3669403','127.3215973'),(65729,73,'36.3669369','127.3211503'),(65730,73,'36.3669357','127.3209084'),(65731,73,'36.3669345','127.3207078'),(65732,73,'36.3669331','127.3204124'),(65733,73,'36.3669318','127.3201125'),(65734,73,'36.3669305','127.319884'),(65735,73,'36.36693','127.3195585'),(65736,73,'36.3669288','127.3193133'),(65737,73,'36.3669284','127.3190981'),(65738,73,'36.3669273','127.3189365'),(65739,73,'36.3669269','127.3187102'),(65740,73,'36.3669259','127.3185887'),(65741,73,'36.3669257','127.3184862'),(65742,73,'36.3669254','127.3183145'),(65743,73,'36.3669253','127.318251'),(65744,73,'36.3669252','127.3181796'),(65745,73,'36.3669287','127.318057'),(65746,73,'36.3669303','127.3179611'),(65747,73,'36.3669319','127.3178318'),(65748,73,'36.3669319','127.3178173'),(65749,73,'36.3669327','127.3177627'),(65750,73,'36.3669335','127.3176869'),(65751,73,'36.3669341','127.3174639'),(65752,73,'36.3669355','127.3172053'),(65753,73,'36.3669361','127.3170169'),(65754,73,'36.3669364','127.3166357'),(65755,73,'36.366937','127.3164272'),(65756,73,'36.3669376','127.3162422'),(65757,73,'36.3669397','127.3158398'),(65758,73,'36.366941','127.3155221'),(65759,73,'36.3669416','127.3153493'),(65760,73,'36.3669421','127.3150884'),(65761,73,'36.3669442','127.3146504'),(65762,73,'36.3669452','127.3141844'),(65763,73,'36.3669472','127.3137251'),(65764,73,'36.3669493','127.3133238'),(65765,73,'36.3669499','127.3131499'),(65766,73,'36.3669499','127.3131243'),(65767,73,'36.3669471','127.3130418'),(65768,73,'36.3669486','127.3128724'),(65769,73,'36.3669485','127.3128378'),(65770,73,'36.3669484','127.3127587'),(65771,73,'36.3669515','127.3124298'),(65772,73,'36.3669539','127.3122548'),(65773,73,'36.3669663','127.3114945'),(65774,73,'36.3669646','127.3109829'),(65775,73,'36.3669579','127.3107421'),(65776,73,'36.3669195','127.3104245'),(65777,73,'36.3669021','127.3102707'),(65778,73,'36.3668275','127.3098406'),(65779,73,'36.3666853','127.3094018'),(65780,73,'36.3665658','127.3090821'),(65781,73,'36.3664265','127.308816'),(65782,73,'36.3662702','127.3085879'),(65783,73,'36.3660904','127.308371'),(65784,73,'36.3660154','127.3082865'),(65785,73,'36.3658746','127.3081742'),(65786,73,'36.3657582','127.3080797'),(65787,73,'36.3655939','127.3079464'),(65788,73,'36.3652301','127.3076753'),(65789,73,'36.3641997','127.3071372'),(65790,73,'36.3641176','127.3070884'),(65791,73,'36.3633497','127.3066823'),(65792,73,'36.3629581','127.3064748'),(65793,73,'36.3621912','127.3060732'),(65794,73,'36.3620712','127.3060222'),(65795,73,'36.3613477','127.3057331'),(65796,73,'36.3608849','127.3055481'),(65797,73,'36.3608461','127.3055348'),(65798,73,'36.3607134','127.3054672'),(65799,73,'36.3605222','127.3053684'),(65800,73,'36.3604319','127.305323'),(65801,73,'36.3603724','127.3052941'),(65802,73,'36.3603345','127.3052686'),(65803,73,'36.3602776','127.305232'),(65804,73,'36.3601305','127.3051353'),(65805,73,'36.3600213','127.3050543'),(65806,73,'36.3599617','127.3050098'),(65807,73,'36.3597325','127.3048399'),(65808,73,'36.3589129','127.3042311'),(65809,73,'36.3580696','127.3034786'),(65810,73,'36.3579847','127.3033874'),(65811,73,'36.3578926','127.3032952'),(65812,73,'36.3578294','127.3032307'),(65813,73,'36.3576388','127.3030428'),(65814,73,'36.3575097','127.302916'),(65815,73,'36.3574853','127.3028927'),(65816,73,'36.3571667','127.3026372'),(65817,73,'36.3565746','127.3022697'),(65818,73,'36.3558527','127.3018491'),(65819,73,'36.355415','127.3015705'),(65820,73,'36.3551911','127.3013916'),(65821,73,'36.3550765','127.3012916'),(65822,73,'36.3549582','127.3011894'),(65823,73,'36.3548273','127.301076'),(65824,73,'36.3545546','127.3008404'),(65825,73,'36.3533221','127.2996967'),(65826,73,'36.3531939','127.2995833'),(65827,73,'36.3532362','127.2995398'),(65828,73,'36.3532749','127.2995218'),(65829,73,'36.3533263','127.2995128'),(65830,73,'36.353888','127.2995504'),(65831,73,'36.3541143','127.2995609'),(65832,73,'36.3541793','127.2995686'),(65833,73,'36.354228','127.2995751'),(65834,73,'36.3542938','127.299595'),(65835,73,'36.3543633','127.2996227'),(65836,73,'36.3546132','127.2997458'),(65837,73,'36.3547449','127.2998101'),(65838,73,'36.3549227','127.2998832'),(65839,73,'36.3548687','127.2999747'),(66029,83,'36.3483035','127.2987623'),(66030,83,'36.3482577','127.2988995'),(66031,83,'36.348158','127.2991115'),(66032,83,'36.3479495','127.2994742'),(66033,83,'36.3478325','127.299625'),(66034,83,'36.3476877','127.2997947'),(66035,83,'36.3476742','127.2998115'),(66036,83,'36.3476616','127.2998249'),(66037,83,'36.3475554','127.2999299'),(66038,83,'36.347414','127.3000629'),(66039,83,'36.3475378','127.3002387'),(66040,83,'36.3478424','127.3006781'),(66041,83,'36.347902','127.3007593'),(66042,83,'36.3479984','127.3006777'),(66043,83,'36.348109','127.3005258'),(66044,83,'36.3484365','127.3001048'),(66045,83,'36.3484553','127.3000814'),(66046,83,'36.3485444','127.2999842'),(66047,83,'36.3488343','127.2997283'),(66048,83,'36.3488757','127.2996925'),(66049,83,'36.3489945','127.2995908'),(66050,83,'36.3492889','127.2993237'),(66051,83,'36.3494599','127.2991661'),(66052,83,'36.3494824','127.2991448'),(66053,83,'36.3495607','127.2990644'),(66054,83,'36.3495381','127.2990377'),(66055,83,'36.3493222','127.2987775'),(66056,83,'36.3492554','127.2987186'),(66057,83,'36.349204','127.2986831'),(66058,83,'36.3491769','127.2986642'),(66059,83,'36.3487898','127.2984791'),(66060,83,'36.348539','127.2983716'),(66061,83,'36.3484326','127.2983228'),(66062,83,'36.3483108','127.2982697'),(66063,83,'36.3481664','127.298211'),(66064,83,'36.348124','127.2981843'),(66065,83,'36.3481078','127.2981743'),(66066,83,'36.3480662','127.2981243'),(66067,83,'36.3480246','127.2980497'),(66068,83,'36.3477994','127.2976558'),(66069,83,'36.3477669','127.297599'),(66070,83,'36.3477965','127.2975388'),(66071,83,'36.3478127','127.2974841'),(66072,83,'36.3479346','127.297067'),(66073,83,'36.3479462','127.297028'),(66074,83,'36.3479011','127.2970058'),(66075,83,'36.3478055','127.2969615'),(66076,83,'36.3477486','127.2969338'),(66077,83,'36.3475159','127.2968229'),(66078,83,'36.3474662','127.2968052'),(66079,83,'36.3474166','127.2967998'),(66080,83,'36.3473689','127.2967988'),(66081,83,'36.3473166','127.2968078'),(66082,83,'36.3473935','127.2969525'),(66083,83,'36.3476222','127.2973498'),(66084,83,'36.347728','127.2975323'),(66085,83,'36.3477669','127.297599'),(66086,83,'36.3480246','127.2980497'),(66087,83,'36.3480553','127.2981043'),(66088,83,'36.3480662','127.2981243'),(66089,83,'36.3481078','127.2981743'),(66090,83,'36.3481664','127.298211'),(66091,83,'36.3483108','127.2982697'),(66092,83,'36.3484326','127.2983228'),(66093,83,'36.3484729','127.298199'),(66094,83,'36.3484828','127.2981622'),(66095,83,'36.3488556','127.2968774'),(66096,83,'36.3489256','127.2966521'),(66097,83,'36.3489695','127.2965038'),(66098,83,'36.3491734','127.2966046'),(66099,83,'36.3493836','127.296691'),(66100,83,'36.3499583','127.2969425'),(66101,83,'36.350017','127.2969691'),(66102,83,'36.3500549','127.2969891'),(66103,83,'36.3505043','127.2972643'),(66104,83,'36.3507119','127.2973953'),(66105,83,'36.3508626','127.2975086'),(66106,83,'36.350915','127.2975474'),(66107,83,'36.3509385','127.2975652'),(66108,83,'36.3511614','127.2977407'),(66109,83,'36.3513519','127.2979041'),(66110,83,'36.3515895','127.2981475'),(66111,83,'36.3516924','127.2982542'),(66112,83,'36.3528782','127.299476'),(66113,83,'36.352964','127.299565'),(66114,83,'36.3531076','127.2997151'),(66115,83,'36.3531939','127.2995833'),(66116,83,'36.3532362','127.2995398'),(66117,83,'36.3532749','127.2995218'),(66118,83,'36.3533263','127.2995128'),(66119,83,'36.353888','127.2995504'),(66120,83,'36.3541143','127.2995609'),(66121,83,'36.3541793','127.2995686'),(66122,83,'36.354228','127.2995751'),(66123,83,'36.3542938','127.299595'),(66124,83,'36.3543633','127.2996227'),(66125,83,'36.3546132','127.2997458'),(66126,83,'36.3547449','127.2998101'),(66127,83,'36.3549227','127.2998832'),(66128,83,'36.3549488','127.2998943'),(66129,83,'36.3549975','127.2999131'),(66130,83,'36.3550065','127.2998874'),(66131,83,'36.3550227','127.2998406'),(66132,83,'36.3550711','127.2997101'),(66133,83,'36.3550728','127.2996443'),(66134,83,'36.3550718','127.2995819'),(66135,83,'36.3550546','127.2995106'),(66136,83,'36.3548798','127.299044'),(66137,83,'36.3549543','127.2988477'),(66138,83,'36.3549937','127.2987283'),(66139,83,'36.3550234','127.2986447'),(66140,83,'36.3550277','127.2985733'),(66141,83,'36.3549997','127.2984909'),(66142,83,'36.3549861','127.2984731');
/*!40000 ALTER TABLE `poly_line` ENABLE KEYS */;
UNLOCK TABLES;

--
-- Table structure for table `region`
--

DROP TABLE IF EXISTS `region`;
/*!40101 SET @saved_cs_client     = @@character_set_client */;
/*!50503 SET character_set_client = utf8mb4 */;
CREATE TABLE `region` (
  `id` int NOT NULL AUTO_INCREMENT,
  `name` varchar(50) DEFAULT NULL,
  PRIMARY KEY (`id`),
  UNIQUE KEY `ix_region_name` (`name`),
  KEY `ix_region_id` (`id`)
) ENGINE=InnoDB AUTO_INCREMENT=601 DEFAULT CHARSET=utf8mb3;
/*!40101 SET character_set_client = @saved_cs_client */;

--
-- Dumping data for table `region`
--

LOCK TABLES `region` WRITE;
/*!40000 ALTER TABLE `region` DISABLE KEYS */;
INSERT INTO `region` VALUES (500,'광주'),(300,'구미'),(200,'대전'),(400,'부울경'),(100,'서울'),(600,'전국');
/*!40000 ALTER TABLE `region` ENABLE KEYS */;
UNLOCK TABLES;

--
-- Table structure for table `station`
--

DROP TABLE IF EXISTS `station`;
/*!40101 SET @saved_cs_client     = @@character_set_client */;
/*!50503 SET character_set_client = utf8mb4 */;
CREATE TABLE `station` (
  `id` int NOT NULL AUTO_INCREMENT,
  `name` varchar(50) NOT NULL,
  `bus_id` int DEFAULT NULL,
  `lat` varchar(50) NOT NULL,
  `lng` varchar(50) NOT NULL,
  `order` int NOT NULL,
  `arrived_time` time DEFAULT NULL,
  PRIMARY KEY (`id`),
  KEY `bus_id` (`bus_id`),
  KEY `ix_station_id` (`id`),
  CONSTRAINT `station_ibfk_1` FOREIGN KEY (`bus_id`) REFERENCES `bus` (`id`) ON DELETE CASCADE
) ENGINE=InnoDB AUTO_INCREMENT=1282 DEFAULT CHARSET=utf8mb3;
/*!40101 SET character_set_client = @saved_cs_client */;

--
-- Dumping data for table `station`
--

LOCK TABLES `station` WRITE;
/*!40000 ALTER TABLE `station` DISABLE KEYS */;
INSERT INTO `station` VALUES (640,'진천역 2번출구',71,'35.8135621','128.5222642',0,'07:20:00'),(641,'상인역 8번출구',71,'35.8194041','128.5375634',1,'07:25:00'),(642,'본리네거리',71,'35.8381377','128.5372',2,'07:35:00'),(643,'죽전네거리',71,'35.8514134','128.5374414',3,'07:40:00'),(644,'갑을네거리',71,'35.8689711','128.5379228',4,'07:45:00'),(645,'SSAFY 구미캠퍼스',71,'36.1061146','128.4170786',5,'08:30:00'),(859,'SSAFY 대전캠퍼스',4,'36.3549794','127.2985249',0,NULL),(860,'덕명네거리',4,'36.3580376','127.3038507',1,NULL),(861,'현충원역',4,'36.3592235','127.3217123',2,NULL),(862,'구암역',4,'36.3563009','127.3315533',3,NULL),(863,'GS셀프충대앞주유소',4,'36.3610703','127.344562',4,NULL),(864,'월평역 버스정류장',4,'36.3581478','127.363434',5,NULL),(865,'갈마역',4,'36.3576197','127.3713197',6,NULL),(866,'정부청사역',4,'36.3574501','127.3815819',7,NULL),(867,'재뜰네거리',4,'36.3575613','127.3955132',8,NULL),(868,'한남오거리',4,'36.348583','127.415794',9,NULL),(869,'용전네거리',4,'36.347664','127.432096',10,NULL),(927,'역삼역',70,'37.5007282','127.0374512',0,'08:30:00'),(928,'한국은행',70,'37.500976','127.0382298',1,'08:30:00'),(929,'SSAFY 서울캠퍼스',70,'37.5013081','127.0394007',2,'08:30:00'),(962,'테스트2',82,'36.3343074','127.3081313',0,'08:40:00'),(963,'테스트 정류장1',82,'36.3546787','127.2998668',1,'08:30:00'),(964,'SSAFY',82,'36.3548634','127.2999164',2,'08:33:00'),(1031,'SSAFY 대전캠퍼스',79,'36.354899','127.2985208',0,'18:10:00'),(1032,'유성온천역',79,'36.3537679','127.340804',1,'18:30:00'),(1033,'도안수목토아파트',79,'36.3186355','127.3478099',2,'18:45:00'),(1034,'가수원네거리',79,'36.3051055','127.3537751',3,'18:47:00'),(1035,'도마네거리',79,'36.3125805','127.3792284',4,'18:52:00'),(1036,'유천동 현대아파트 버스정류장',79,'36.3185274','127.3985251',5,'18:55:00'),(1037,'서대전네거리역',79,'36.3220854','127.411777',6,'18:57:00'),(1038,'대전역 동광장 대로변',79,'36.3332357','127.4384543',7,'19:12:00'),(1039,'우송대학교 서캠퍼스',79,'36.3389541','127.4453994',8,'07:25:00'),(1067,'SSAFY 대전캠퍼스',80,'36.354899','127.2985208',0,'18:10:00'),(1068,'뚜레주르',80,'36.3483367','127.2980596',1,'18:14:01'),(1069,'덕명중학교 정문',80,'36.3454861','127.3016551',2,'18:15:00'),(1070,'원신흥동 기아 도안지점',80,'36.3319639','127.3402719',3,'18:26:00'),(1071,'기장네거리',80,'36.3306523','127.3837934',4,'18:34:00'),(1072,'태평오거리',80,'36.3258374','127.3956698',5,'18:39:00'),(1073,'오룡역',80,'36.328176','127.4053342',6,'18:43:00'),(1074,'천지인 주유소',80,'36.2972476','127.4558671',7,'19:04:00'),(1075,'대전동구문화원',80,'36.3038503','127.4590173',8,'19:09:00'),(1076,'SSAFY 대전캠퍼스',55,'36.354683','127.298177',0,'18:10:00'),(1077,'한밭대 뚜레주르',55,'36.3484','127.2982',1,'18:15:00'),(1078,'덕명중학교',55,'36.3456235','127.3015819',2,'18:20:00'),(1079,'학하사거리',55,'36.3418211','127.305986',3,'18:25:00'),(1080,'구암역',55,'36.3563091','127.3315815',4,'18:30:00'),(1081,'유성온천역',55,'36.3538','127.3416',5,'18:35:00'),(1082,'노은역',55,'36.3741','127.318',6,'18:40:00'),(1083,'지족초등학교',55,'36.3796','127.318',7,'18:45:00'),(1084,'지족역',55,'36.3841','127.3203',8,'18:50:00'),(1085,'반석역',55,'36.3917','127.3151',9,'18:55:00'),(1149,'SSAFY 대전캠퍼스',81,'36.354899','127.2985208',0,'18:10:00'),(1150,'월드컵경기장역',81,'36.3666945','127.3164435',1,'18:17:00'),(1151,'장대네거리',81,'36.3641826','127.3378127',2,'18:21:00'),(1152,'유성문화원',81,'36.3598995','127.3412647',3,'18:24:00'),(1153,'갈마장례식장',81,'36.3483477','127.3692426',4,'18:38:00'),(1154,'경성큰마을',81,'36.3471874','127.375739',5,'18:44:00'),(1155,'탄방중학교 버스정류장',81,'36.3504658','127.3950391',6,'18:53:00'),(1166,'SSAFY 대전캠퍼스',78,'36.3548906','127.2999145',0,'18:10:00'),(1167,'월드컵 경기장역',78,'36.3666657','127.3165841',1,'18:19:00'),(1168,'궁동 학사마을',78,'36.3642818','127.3375489',2,'18:22:00'),(1169,'유성문화원',78,'36.3599074','127.3412606',3,'18:25:00'),(1170,'이마트24 R유성대학로점',78,'36.360484','127.3501386',4,'18:35:00'),(1171,'유성구청 앞 버스정류장',78,'36.3613357','127.3565952',5,'18:43:00'),(1172,'서구보건소 버스정류장',78,'36.3679512','127.3797439',6,'18:50:00'),(1173,'연구단지 네거리',78,'36.3866874','127.3787396',7,'18:55:00'),(1174,'롯데마트 맞은편 데이앤데이 편의점',78,'36.4271652','127.3856194',8,'19:02:00'),(1175,'송강전통시장 버스정류장',78,'36.4353441','127.3874702',9,'19:08:00'),(1176,'용전네거리(복합터미널 부근)',76,'36.3482325','127.4334475',0,'07:43:01'),(1177,'한남오거리(한남오거리 버스정류장)',76,'36.3497771','127.4142729',1,'07:48:00'),(1178,'재뜰네거리(샘머리 부근)',76,'36.3578289','127.3958768',2,'07:56:00'),(1179,'정부청사역 4번 출구 앞',76,'36.3579426','127.3817255',3,'07:58:00'),(1180,'갈마역',76,'36.3579426','127.3725631',4,'07:59:00'),(1181,'월평역(유림공원방면)버스정류장',76,'36.3587332','127.3623573',5,'08:00:00'),(1182,'GS셀프 충대 앞 주유소',76,'36.3610344','127.3440925',6,'08:06:00'),(1183,'구암역 1번 출구 맞은편 버스정류장',76,'36.3563614','127.3322656',7,'08:10:00'),(1184,'현충원역',76,'36.359608','127.3213342',8,'08:15:00'),(1185,'덕명네거리(유성할인마트)',76,'36.3603907','127.3064102',9,'08:20:00'),(1186,'SSAFY대전캠퍼스',76,'36.3547629','127.3001957',10,'08:30:00'),(1197,'송강전통시장 버스정류장',77,'36.435243','127.3873224',0,'07:40:00'),(1198,'롯데마트 맞은편 데이앤데이 편의점',77,'36.4273188','127.3851833',1,'07:43:00'),(1199,'연구단지 네거리',77,'36.3865528','127.3784469',2,'07:52:00'),(1200,'서구보건소 버스정류장',77,'36.3680154','127.3792998',3,'07:57:00'),(1201,'유성구청 앞 버스정류장',77,'36.3613868','127.3560022',4,'08:07:00'),(1202,'이마트24 R유성대학로점',77,'36.3608187','127.3496386',5,'08:10:00'),(1203,'유성문화원',77,'36.359945','127.3416363',6,'08:14:00'),(1204,'쌤소나이트 대전점 앞',77,'36.3647138','127.3375381',7,'08:17:00'),(1205,'월드컵 경기장역 3번 출구',77,'36.3670292','127.3167993',8,'08:21:00'),(1206,'SSAFY 대전캠퍼스',77,'36.3548906','127.2999145',9,'08:30:00'),(1207,'우송대학교 서캠퍼스',68,'36.3390545','127.4451454',0,'07:25:00'),(1208,'대전역 동광장 대로변',68,'36.3333336','127.4380975',1,'07:30:00'),(1209,'서대전네거리역',68,'36.3223886','127.4116792',2,'07:45:00'),(1210,'유천동 현대아파트 버스정류장',68,'36.3188055','127.3983915',3,'07:47:00'),(1211,'가수원네거리',68,'36.3060624','127.3531936',4,'07:55:00'),(1212,'도마네거리',68,'36.3128924','127.3794295',5,'07:50:00'),(1213,'도안수목토아파트',68,'36.3186153','127.3481242',6,'07:57:00'),(1214,'유성온천역 5번출구 맥도날드 앞',68,'36.3541938','127.3402626',7,'08:12:00'),(1215,'SSAFY',68,'36.3549655','127.2999011',8,'08:30:00'),(1236,'대전동구문화원 맞은편',69,'36.3037749','127.4587898',0,'07:30:00'),(1237,'천지인 주유소',69,'36.2974853','127.4558735',1,'07:35:00'),(1238,'오룡역 3번출구',69,'36.3284424','127.4044139',2,'07:56:00'),(1239,'태평오거리',69,'36.326142','127.3942712',3,'08:00:00'),(1240,'기장네거리',69,'36.3304773','127.3833124',4,'08:05:00'),(1241,'원신흥동 기아 도안지점',69,'36.3324558','127.340259',5,'08:13:00'),(1242,'덕명중학교 정문',69,'36.3455249','127.3018497',6,'08:25:00'),(1243,'뚜레주르',69,'36.3485127','127.2981911',7,'08:26:00'),(1244,'SSAFY 대전캠퍼스',69,'36.3549331','127.2999186',8,'08:30:00'),(1245,'반석역 1번출구',72,'36.3916664','127.3146694',0,'07:50:00'),(1246,'지족역 2번출구',72,'36.3838327','127.3197923',1,'07:53:00'),(1247,'열매마을 107동 버스정류장',72,'36.3795009','127.3176465',2,'07:55:00'),(1248,'노은역 1번출구',72,'36.3736896','127.3176247',3,'07:57:00'),(1249,'유성온천역 5번출구 맥도날드 앞',72,'36.3542246','127.3403377',4,'08:12:00'),(1250,'학하네거리',72,'36.3420749','127.3052705',5,'08:24:00'),(1251,'덕명중학교 정문',72,'36.3454977','127.3018548',6,'08:25:00'),(1252,'뚜레주르',72,'36.3485351','127.2981748',7,'08:26:00'),(1253,'SSAFY 대전캠퍼스',72,'36.3548856','127.299949',8,'08:30:00'),(1261,'탄방중학교 버스정류장',73,'36.3504658','127.3950391',0,'07:45:01'),(1262,'경성큰마을 맞은편',73,'36.3458438','127.3746982',1,'07:54:00'),(1263,'갈마장례식장',73,'36.3483146','127.3694399',2,'08:00:00'),(1264,'유성문화원',73,'36.3599575','127.3416212',3,'08:14:00'),(1265,'쌤소나이트 대전점 앞',73,'36.3646148','127.3375504',4,'08:17:00'),(1266,'월드컵경기장역 3번출구',73,'36.3670511','127.3170188',5,'08:21:00'),(1267,'SSAFY 대전캠퍼스',73,'36.3548219','127.2999316',6,'08:30:00'),(1279,'그린브라우니',83,'36.3480235','127.2986216',0,'08:30:00'),(1280,'공영주차장',83,'36.3478048','127.2969673',1,'08:30:00'),(1281,'SSAFY',83,'36.3550373','127.298413',2,'08:30:00');
/*!40000 ALTER TABLE `station` ENABLE KEYS */;
UNLOCK TABLES;

--
-- Table structure for table `user`
--

DROP TABLE IF EXISTS `user`;
/*!40101 SET @saved_cs_client     = @@character_set_client */;
/*!50503 SET character_set_client = utf8mb4 */;
CREATE TABLE `user` (
  `id` int NOT NULL AUTO_INCREMENT,
  `username` varchar(50) NOT NULL,
  `nickname` varchar(20) NOT NULL,
  `password` varchar(100) NOT NULL,
  `class_group` int NOT NULL,
  `region_id` int DEFAULT NULL,
  `start_station_id` int DEFAULT NULL,
  `end_station_id` int DEFAULT NULL,
  `expo_token` varchar(100) DEFAULT NULL,
  `user_role` int NOT NULL,
  PRIMARY KEY (`id`),
  UNIQUE KEY `ix_user_username` (`username`),
  KEY `region_id` (`region_id`),
  KEY `start_station_id` (`start_station_id`),
  KEY `end_station_id` (`end_station_id`),
  KEY `ix_user_id` (`id`),
  CONSTRAINT `user_ibfk_1` FOREIGN KEY (`region_id`) REFERENCES `region` (`id`),
  CONSTRAINT `user_ibfk_2` FOREIGN KEY (`start_station_id`) REFERENCES `station` (`id`) ON DELETE SET NULL,
  CONSTRAINT `user_ibfk_3` FOREIGN KEY (`end_station_id`) REFERENCES `station` (`id`) ON DELETE SET NULL
) ENGINE=InnoDB AUTO_INCREMENT=44 DEFAULT CHARSET=utf8mb3;
/*!40101 SET character_set_client = @saved_cs_client */;

--
-- Dumping data for table `user`
--

LOCK TABLES `user` WRITE;
/*!40000 ALTER TABLE `user` DISABLE KEYS */;
INSERT INTO `user` VALUES (1,'ssafy','ssafy','$2b$12$B7xDvFmEmA8N/fPhDb9QC.mr9btc/a.z7RAXgkS.7lQnEDXVK.a7u',0,200,NULL,NULL,'string',5),(4,'tkdguq','상협','$2b$12$ZTB2g8hd0dzQtvHwBC4O4OuNXyurSHthOp4jKkzkBjGRCIylUpv/q',2,200,NULL,NULL,'ExponentPushToken[WtlZ9oKieb3j5_Yf3-bnon]',0),(9,'aaa','aaa','$2b$12$XiwFh5aNvm7oMvMwobXcVOX4DePG.1ptbpgs4gIT9Srl/Jt.GDSeO',1,100,NULL,NULL,NULL,0),(16,'yumin','yumin','$2b$12$PGc9eN/eHRM7v3U5RWjT8u1oWSFCTWuc2ZXLf9Kp1f/49Zh3Wm7n6',2,200,NULL,1155,'ExponentPushToken[EoDneVMwIoMpz6tYfznkM8]',0),(18,'chanil','chaniltest','$2b$12$IegzXybbpzYuKjs7Uq8hTuOJ29Wg.yvsrA6t4UMb5ZQLQnobzx8Dq',2,200,NULL,NULL,'ExponentPushToken[qFMyNKPlTDKMsms6kpqv5x]',5),(21,'qw','sang','$2b$12$Cj.CfzpbSNzj.i94Hd6D/ueXG8P8YpVacL8DHPCQBbYk.P1GxqMhS',2,200,NULL,1150,'ExponentPushToken[ZKa9ytHs0hxcBcmyCDBirN]',5),(22,'joungsu96','최종수','$2b$12$c4kJiFF7/2ZGmya.KpWPoeq9x54lNSwaym7C2KRG.T.IUs3B4jOtm',2,200,1265,1151,'ExponentPushToken[6oUrz8OfV8m3N62DJkqH3o]',0),(23,'yumin2','유민','$2b$12$5nslj2K6Bci0pr3CKsPmEuojT2k8uInwewbF6Yc6n6ZSy9dcp1ivC',2,200,NULL,NULL,NULL,0),(24,'moomu','moomu','$2b$12$9abHh014fjtd1ACQsA8uouB/ULqFbNgBqBtP9egAd6ehM2Bdww.Ke',2,200,NULL,NULL,NULL,0),(25,'moomu2','moomu','$2b$12$Y3out3q6rnDgvY1qg9IheuK7Ww0FaOIm8uNw7cm8IdBgCnpbbF3bC',2,200,NULL,NULL,NULL,0),(26,'moomu3','moomu','$2b$12$17p9PndZd631iIiACn643OSer3lx9NDIyRDwjXQxGF4jN4yDIlmJS',2,200,NULL,NULL,NULL,0),(27,'moomu4','moomu','$2b$12$rPUxY/Z5hw82bDOwKbf1Ke3SiY0BDx3g9.601Q5ldF4RmOC3fSeVO',2,200,NULL,NULL,NULL,0),(28,'yumin3','yumins','$2b$12$yFxjA7VwTwOdikIcOnoJCuVnePydqw5atJQ/lJmu0oki64ugukOmC',2,200,NULL,NULL,NULL,0),(29,'moomu5','moomu','$2b$12$AGxSfM/nb9iG9rJ6k8.SNuoPlL94VwS5qfF1GSaVaO1eCP65CYn0i',2,200,NULL,NULL,NULL,0),(30,'Test223','Test','$2b$12$SziPSjdudfBBIEx38H7/7e.Ns5Ea3cu8C/DGU3Rn9UWieBzG9lxPe',5,500,NULL,NULL,NULL,0),(32,'rndus','gggg','$2b$12$v0Wy9YiR7lKfvCIw5XI3mOfy1u9A7c.UbT0hZcEPg9wae6uTGvLi6',1,100,NULL,NULL,'ExponentPushToken[fj0r4SLVfouUZ6t_DDW1CG]',0),(33,'oat641','이길상','$2b$12$bMx.NCE9OgKbrl50iM0D5uju.ZqdA2.fr821/zNU7QEaLcTzXjice',2,200,NULL,NULL,'ExponentPushToken[ZC20I3Nkh48Af-Cz43IqIB]',0),(34,'js96','종수','$2b$12$UbQK0xvfJ2K6BYzeTHrh1eWpALiYb.I5LyIY25w11lOwbcMIDqXn.',2,200,NULL,NULL,NULL,0),(35,'goodssafy','KOO','$2b$12$9pqWfgY6AABMubnV4cO1BOS24FoeHHfesTpfPM2AccmMK3yh7ie0S',2,200,963,NULL,'ExponentPushToken[jqpavcNLTFD4gO8F0xduCx]',0),(36,'kci8311','김찬일','$2b$12$VTLwQpHfpuec45VaPombou5LLw1aMkZ8rF/PL2RURM8MRhOVcjJiu',2,200,NULL,NULL,NULL,0),(38,'kci911','chanil','$2b$12$GqGpdDSFDlVRMQmU8u1MHef7EVNklekbqSmJ8TupOgsfjK0ot3MdS',2,200,1249,1152,'ExponentPushToken[qFMyNKPlTDKMsms6kpqv5x]',0),(39,'tmddn1008','정승우','$2b$12$ypc7rxR2UQ42XYy2VsJY9eFpOgmIdP5TlC69Pnwy1cWxMPFvuTtYW',3,200,NULL,NULL,'ExponentPushToken[wqYFYoFU_Mw5xGrgFe50U6]',0),(40,'Flyflyerson','홍길동','$2b$12$f6g1SIX9AlfhEA.wiR531eR4RdrakV.Tu9teTaG/pRMQ.xGWbObxS',6,100,NULL,NULL,NULL,0),(41,'as','상협','$2b$12$eEzci5NST2DCQiLAWzMyJ.Qe1RDb.ozO2TfND2c.pIfdnfuIuB/Rq',2,200,NULL,NULL,'ExponentPushToken[WtlZ9oKieb3j5_Yf3-bnon]',0),(42,'yumin4','유민','$2b$12$vtoWvEm8zgvsGIePWMMn0.LYf8uanJZolRolCiGn3PcuQ9sU0sZgC',2,200,NULL,NULL,NULL,0),(43,'yumin5','허유민','$2b$12$9iTlxx35U.bDH/F.sSlU1ep2AZXslUNC8CQD4DQfA2cvKBuoesxfi',2,200,NULL,NULL,'ExponentPushToken[bEJBvKGLdZXO8IX6aYo1lW]',0);
/*!40000 ALTER TABLE `user` ENABLE KEYS */;
UNLOCK TABLES;
/*!40103 SET TIME_ZONE=@OLD_TIME_ZONE */;

/*!40101 SET SQL_MODE=@OLD_SQL_MODE */;
/*!40014 SET FOREIGN_KEY_CHECKS=@OLD_FOREIGN_KEY_CHECKS */;
/*!40014 SET UNIQUE_CHECKS=@OLD_UNIQUE_CHECKS */;
/*!40101 SET CHARACTER_SET_CLIENT=@OLD_CHARACTER_SET_CLIENT */;
/*!40101 SET CHARACTER_SET_RESULTS=@OLD_CHARACTER_SET_RESULTS */;
/*!40101 SET COLLATION_CONNECTION=@OLD_COLLATION_CONNECTION */;
/*!40111 SET SQL_NOTES=@OLD_SQL_NOTES */;

-- Dump completed on 2022-11-18 17:19:06
